Source,quantile,value,Data,Genes
Beef,0.025,0.09775288504573303,Full,MLST
Beef,0.25,0.15021844497007447,Full,MLST
Beef,0.5,0.1746433326904942,Full,MLST
Beef,0.75,0.19915284058063754,Full,MLST
Beef,0.975,0.24586153637279562,Full,MLST
Poultry,0.025,0.7436408950122622,Full,MLST
Poultry,0.25,0.7910308889453013,Full,MLST
Poultry,0.5,0.8155578169132623,Full,MLST
Poultry,0.75,0.83915850237456735,Full,MLST
Poultry,0.975,0.8912605947849324,Full,MLST
Sheep,0.025,5.249844876059168e-4,Full,MLST
Sheep,0.25,0.003144686445165648,Full,MLST
Sheep,0.5,0.007111339252879864,Full,MLST
Sheep,0.75,0.014011601690038861,Full,MLST
Sheep,0.975,0.037469905010325336,Full,MLST
Beef,0.025,0.11047225063779913,Full,rMLST
Beef,0.25,0.17106296979879712,Full,rMLST
Beef,0.5,0.20089140575308423,Full,rMLST
Beef,0.75,0.23016973922409367,Full,rMLST
Beef,0.975,0.28531190215432783,Full,rMLST
Poultry,0.025,0.7054998547085483,Full,rMLST
Poultry,0.25,0.7592674526233746,Full,rMLST
Poultry,0.5,0.7882608301466902,Full,rMLST
Poultry,0.75,0.818497621473549,Full,rMLST
Poultry,0.975,0.8780956144002421,Full,rMLST
Sheep,0.025,6.567344624161857e-4,Full,rMLST
Sheep,0.25,0.003686714132873363,Full,rMLST
Sheep,0.5,0.007674992588834212,Full,rMLST
Sheep,0.75,0.01459439063336516,Full,rMLST
Sheep,0.975,0.0363407927953625,Full,rMLST
Beef,0.025,0.14746812597076184,Full,Sheppard
Beef,0.25,0.19294443614534057,Full,Sheppard
Beef,0.5,0.21655294289683477,Full,Sheppard
Beef,0.75,0.24036579298134012,Full,Sheppard
Beef,0.975,0.28684526794692733,Full,Sheppard
Poultry,0.025,0.7028523093989925,Full,Sheppard
Poultry,0.25,0.7456656820579557,Full,Sheppard
Poultry,0.5,0.7690095394990673,Full,Sheppard
Poultry,0.75,0.7913184360841925,Full,Sheppard
Poultry,0.975,0.834822412996058,Full,Sheppard
Sheep,0.025,8.457492656575869e-4,Full,Sheppard
Sheep,0.25,0.005007582646285128,Full,Sheppard
Sheep,0.5,0.010705146898363375,Full,Sheppard
Sheep,0.75,0.020002941410000415,Full,Sheppard
Sheep,0.975,0.04903236992917953,Full,Sheppard
Beef,0.025,0.12914073477524238,Full,Best_5
Beef,0.25,0.17732861818161594,Full,Best_5
Beef,0.5,0.2018693054172486,Full,Best_5
Beef,0.75,0.22549498521301078,Full,Best_5
Beef,0.975,0.2702374852236599,Full,Best_5
Poultry,0.025,0.7198165530980953,Full,Best_5
Poultry,0.25,0.7633479055202168,Full,Best_5
Poultry,0.5,0.7861532125746832,Full,Best_5
Poultry,0.75,0.8104006768974865,Full,Best_5
Poultry,0.975,0.8550478736593491,Full,Best_5
Sheep,0.025,5.29557992428664e-4,Full,Best_5
Sheep,0.25,0.003659179123842564,Full,Best_5
Sheep,0.5,0.008203951267398993,Full,Best_5
Sheep,0.75,0.01639445339391519,Full,Best_5
Sheep,0.975,0.04322811143032395,Full,Best_5
Beef,0.025,0.1174943177954474,Full,Best_10
Beef,0.25,0.1599367176794065,Full,Best_10
Beef,0.5,0.18180996594942334,Full,Best_10
Beef,0.75,0.20430258371291257,Full,Best_10
Beef,0.975,0.244250741176621,Full,Best_10
Poultry,0.025,0.7474006985739672,Full,Best_10
Poultry,0.25,0.7875540896792584,Full,Best_10
Poultry,0.5,0.8087164446563033,Full,Best_10
Poultry,0.75,0.8301421641461498,Full,Best_10
Poultry,0.975,0.8724405864153265,Full,Best_10
Sheep,0.025,4.37197019083831e-4,Full,Best_10
Sheep,0.25,0.0028728597768295843,Full,Best_10
Sheep,0.5,0.006625474596525984,Full,Best_10
Sheep,0.75,0.012957958464612795,Full,Best_10
Sheep,0.975,0.03314510149396571,Full,Best_10
Beef,0.025,0.13172642075786264,Full,Best_15
Beef,0.25,0.18010328210089602,Full,Best_15
Beef,0.5,0.20486396005077212,Full,Best_15
Beef,0.75,0.22784366830503425,Full,Best_15
Beef,0.975,0.27080624734894526,Full,Best_15
Poultry,0.025,0.7211053957519503,Full,Best_15
Poultry,0.25,0.7649236321550648,Full,Best_15
Poultry,0.5,0.7881575900914533,Full,Best_15
Poultry,0.75,0.8128540177911814,Full,Best_15
Poultry,0.975,0.8612905987301032,Full,Best_15
Sheep,0.025,4.459746806659666e-4,Full,Best_15
Sheep,0.25,0.002619093720450552,Full,Best_15
Sheep,0.5,0.005270151979741912,Full,Best_15
Sheep,0.75,0.009539285347399337,Full,Best_15
Sheep,0.975,0.023336189300547892,Full,Best_15
Beef,0.025,0.08119992904494888,Full,Best_20
Beef,0.25,0.1460491350285583,Full,Best_20
Beef,0.5,0.1729749016123795,Full,Best_20
Beef,0.75,0.20016993802299882,Full,Best_20
Beef,0.975,0.24753044125068105,Full,Best_20
Poultry,0.025,0.7461212653436582,Full,Best_20
Poultry,0.25,0.793224427697616,Full,Best_20
Poultry,0.5,0.8199278346439918,Full,Best_20
Poultry,0.75,0.8467347236765244,Full,Best_20
Poultry,0.975,0.9109323885903358,Full,Best_20
Sheep,0.025,4.6998435993260673e-4,Full,Best_20
Sheep,0.25,0.002433210077406856,Full,Best_20
Sheep,0.5,0.0050996745216263396,Full,Best_20
Sheep,0.75,0.009800875563930604,Full,Best_20
Sheep,0.975,0.024598865150525877,Full,Best_20
Beef,0.025,0.11829567047460686,Full,Best_25
Beef,0.25,0.17168945574749342,Full,Best_25
Beef,0.5,0.19712176425066047,Full,Best_25
Beef,0.75,0.22282948428793886,Full,Best_25
Beef,0.975,0.27581210114693333,Full,Best_25
Poultry,0.025,0.7159615415018081,Full,Best_25
Poultry,0.25,0.7691359346881824,Full,Best_25
Poultry,0.5,0.7948812566313248,Full,Best_25
Poultry,0.75,0.8204504334618226,Full,Best_25
Poultry,0.975,0.8740377161015185,Full,Best_25
Sheep,0.025,4.1922054140935456e-4,Full,Best_25
Sheep,0.25,0.0027152035586212476,Full,Best_25
Sheep,0.5,0.005582782632979491,Full,Best_25
Sheep,0.75,0.010645191056069262,Full,Best_25
Sheep,0.975,0.027899809710622246,Full,Best_25
Beef,0.025,0.12679790400027902,Full,Best_30
Beef,0.25,0.1732029434231377,Full,Best_30
Beef,0.5,0.19749364277247852,Full,Best_30
Beef,0.75,0.22215220647086226,Full,Best_30
Beef,0.975,0.2675663265743375,Full,Best_30
Poultry,0.025,0.7241963834529938,Full,Best_30
Poultry,0.25,0.7687668679672,Full,Best_30
Poultry,0.5,0.7942218630123746,Full,Best_30
Poultry,0.75,0.8177741912558244,Full,Best_30
Poultry,0.975,0.8654208900080751,Full,Best_30
Sheep,0.025,4.945729704877535e-4,Full,Best_30
Sheep,0.25,0.0029300468148427024,Full,Best_30
Sheep,0.5,0.006472900707922644,Full,Best_30
Sheep,0.75,0.012144394306886082,Full,Best_30
Sheep,0.975,0.029680700636548443,Full,Best_30
Beef,0.025,0.12813598902257345,Full,Best_35
Beef,0.25,0.1697924136926383,Full,Best_35
Beef,0.5,0.1916495975604626,Full,Best_35
Beef,0.75,0.2141848924003442,Full,Best_35
Beef,0.975,0.25625610325163906,Full,Best_35
Poultry,0.025,0.7352385232155619,Full,Best_35
Poultry,0.25,0.7769457427236471,Full,Best_35
Poultry,0.5,0.799584334971884,Full,Best_35
Poultry,0.75,0.8217613613630772,Full,Best_35
Poultry,0.975,0.863433346946518,Full,Best_35
Sheep,0.025,6.100740989405955e-4,Full,Best_35
Sheep,0.25,0.003161646738522126,Full,Best_35
Sheep,0.5,0.006510577428372661,Full,Best_35
Sheep,0.75,0.011887735091317887,Full,Best_35
Sheep,0.975,0.027926946289139568,Full,Best_35
Beef,0.025,0.13462734235982896,Full,Best_40
Beef,0.25,0.181383598416686,Full,Best_40
Beef,0.5,0.20645519728098743,Full,Best_40
Beef,0.75,0.2305638632418896,Full,Best_40
Beef,0.975,0.27565978769672056,Full,Best_40
Poultry,0.025,0.7159963348673015,Full,Best_40
Poultry,0.25,0.7599726870891366,Full,Best_40
Poultry,0.5,0.7838909835771557,Full,Best_40
Poultry,0.75,0.8086563507291067,Full,Best_40
Poultry,0.975,0.8561096799147723,Full,Best_40
Sheep,0.025,5.064888342299261e-4,Full,Best_40
Sheep,0.25,0.0033069192132036502,Full,Best_40
Sheep,0.5,0.007150528628969215,Full,Best_40
Sheep,0.75,0.013198664646731008,Full,Best_40
Sheep,0.975,0.03298964788579073,Full,Best_40
Beef,0.025,0.14869019001583428,Full,Best_45
Beef,0.25,0.19699767829384807,Full,Best_45
Beef,0.5,0.22193109937970257,Full,Best_45
Beef,0.75,0.24722098697054756,Full,Best_45
Beef,0.975,0.3006264476050546,Full,Best_45
Poultry,0.025,0.6931317712513003,Full,Best_45
Poultry,0.25,0.7455246635323629,Full,Best_45
Poultry,0.5,0.770412180696129,Full,Best_45
Poultry,0.75,0.79561230498467,Full,Best_45
Poultry,0.975,0.8433654385331155,Full,Best_45
Sheep,0.025,4.4207197779450296e-4,Full,Best_45
Sheep,0.25,0.002547066624385471,Full,Best_45
Sheep,0.5,0.005388080237376242,Full,Best_45
Sheep,0.75,0.010168630771962471,Full,Best_45
Sheep,0.975,0.025183805007335077,Full,Best_45
Beef,0.025,0.11748718341065593,Full,Best_50
Beef,0.25,0.17078634468647194,Full,Best_50
Beef,0.5,0.1981181780782144,Full,Best_50
Beef,0.75,0.2254775560170155,Full,Best_50
Beef,0.975,0.28348496828410963,Full,Best_50
Poultry,0.025,0.7102305655348834,Full,Best_50
Poultry,0.25,0.7664425694356546,Full,Best_50
Poultry,0.5,0.7939151663234476,Full,Best_50
Poultry,0.75,0.8205215117177147,Full,Best_50
Poultry,0.975,0.8729653042226106,Full,Best_50
Sheep,0.025,3.360151736649022e-4,Full,Best_50
Sheep,0.25,0.0026470005450702615,Full,Best_50
Sheep,0.5,0.005842364674426271,Full,Best_50
Sheep,0.75,0.01105957614616844,Full,Best_50
Sheep,0.975,0.02857286847661922,Full,Best_50
Beef,0.025,0.12119850207307256,Full,Best_55
Beef,0.25,0.17211162115664166,Full,Best_55
Beef,0.5,0.19623456846151305,Full,Best_55
Beef,0.75,0.22132330364479985,Full,Best_55
Beef,0.975,0.2715156298166772,Full,Best_55
Poultry,0.025,0.7204395429588413,Full,Best_55
Poultry,0.25,0.7699537885112334,Full,Best_55
Poultry,0.5,0.7944376849063455,Full,Best_55
Poultry,0.75,0.8180357116928527,Full,Best_55
Poultry,0.975,0.8673230563348353,Full,Best_55
Sheep,0.025,4.3507097417720675e-4,Full,Best_55
Sheep,0.25,0.0028687815388886906,Full,Best_55
Sheep,0.5,0.006537858355860743,Full,Best_55
Sheep,0.75,0.012756854131990215,Full,Best_55
Sheep,0.975,0.03298599409880881,Full,Best_55
Beef,0.025,0.13965419455088712,Full,Best_60
Beef,0.25,0.19048929488769056,Full,Best_60
Beef,0.5,0.21717793046484926,Full,Best_60
Beef,0.75,0.24191636967755825,Full,Best_60
Beef,0.975,0.2858997144957642,Full,Best_60
Poultry,0.025,0.7049851637758704,Full,Best_60
Poultry,0.25,0.7488497034091475,Full,Best_60
Poultry,0.5,0.7733844205086895,Full,Best_60
Poultry,0.75,0.7999597767417771,Full,Best_60
Poultry,0.975,0.8509150789461077,Full,Best_60
Sheep,0.025,4.170769950279353e-4,Full,Best_60
Sheep,0.25,0.0030415343733707773,Full,Best_60
Sheep,0.5,0.006550016387847633,Full,Best_60
Sheep,0.75,0.012863735191600143,Full,Best_60
Sheep,0.975,0.03306055089620874,Full,Best_60
Beef,0.025,0.152712598701073,Full,Best_65
Beef,0.25,0.19706389538608796,Full,Best_65
Beef,0.5,0.22107561321566677,Full,Best_65
Beef,0.75,0.24434280388038718,Full,Best_65
Beef,0.975,0.28803951755804896,Full,Best_65
Poultry,0.025,0.7041287779046078,Full,Best_65
Poultry,0.25,0.7473971195603222,Full,Best_65
Poultry,0.5,0.7706232791520052,Full,Best_65
Poultry,0.75,0.7940736214987426,Full,Best_65
Poultry,0.975,0.8376725374559822,Full,Best_65
Sheep,0.025,4.5805463644004867e-4,Full,Best_65
Sheep,0.25,0.0028155237764652687,Full,Best_65
Sheep,0.5,0.006235554794183341,Full,Best_65
Sheep,0.75,0.012045995899388637,Full,Best_65
Sheep,0.975,0.030733456863500187,Full,Best_65
Beef,0.025,0.1537608381303955,Full,Best_70
Beef,0.25,0.197376517129593,Full,Best_70
Beef,0.5,0.220527307545694,Full,Best_70
Beef,0.75,0.2448269990010622,Full,Best_70
Beef,0.975,0.2916470094791878,Full,Best_70
Poultry,0.025,0.7005384826469079,Full,Best_70
Poultry,0.25,0.7458987760759778,Full,Best_70
Poultry,0.5,0.7694957197390478,Full,Best_70
Poultry,0.75,0.7920705990492358,Full,Best_70
Poultry,0.975,0.8357443194378547,Full,Best_70
Sheep,0.025,6.201408770348558e-4,Full,Best_70
Sheep,0.25,0.003354122336831263,Full,Best_70
Sheep,0.5,0.007104525683570285,Full,Best_70
Sheep,0.75,0.013568324757091825,Full,Best_70
Sheep,0.975,0.03398472722290093,Full,Best_70
Beef,0.025,0.14933188483634774,Full,Best_75
Beef,0.25,0.19746813403779137,Full,Best_75
Beef,0.5,0.22106586789936833,Full,Best_75
Beef,0.75,0.2435999453406558,Full,Best_75
Beef,0.975,0.2864388783563697,Full,Best_75
Poultry,0.025,0.7053745624990696,Full,Best_75
Poultry,0.25,0.7467088865814124,Full,Best_75
Poultry,0.5,0.7690291984392107,Full,Best_75
Poultry,0.75,0.7917204432563772,Full,Best_75
Poultry,0.975,0.8402671421973423,Full,Best_75
Sheep,0.025,5.44647840409005e-4,Full,Best_75
Sheep,0.25,0.003411771788470272,Full,Best_75
Sheep,0.5,0.007360033351183108,Full,Best_75
Sheep,0.75,0.013634348376276629,Full,Best_75
Sheep,0.975,0.03526905712551889,Full,Best_75
Beef,0.025,0.15995421287671363,Full,Best_80
Beef,0.25,0.20182239689433254,Full,Best_80
Beef,0.5,0.22448876288377878,Full,Best_80
Beef,0.75,0.24657264914659566,Full,Best_80
Beef,0.975,0.29036403594509563,Full,Best_80
Poultry,0.025,0.7026706071599971,Full,Best_80
Poultry,0.25,0.7449443706725338,Full,Best_80
Poultry,0.5,0.766986280948087,Full,Best_80
Poultry,0.75,0.7890074006503037,Full,Best_80
Poultry,0.975,0.8307810027922743,Full,Best_80
Sheep,0.025,4.637956773173324e-4,Full,Best_80
Sheep,0.25,0.002938252344109624,Full,Best_80
Sheep,0.5,0.0063216152870911955,Full,Best_80
Sheep,0.75,0.011799357214417331,Full,Best_80
Sheep,0.975,0.030362734651424597,Full,Best_80
Beef,0.025,0.15637314556655182,Full,Best_85
Beef,0.25,0.19683901301096268,Full,Best_85
Beef,0.5,0.2186643185145382,Full,Best_85
Beef,0.75,0.2411852962884174,Full,Best_85
Beef,0.975,0.2852675282720101,Full,Best_85
Poultry,0.025,0.7062751778186894,Full,Best_85
Poultry,0.25,0.7501428466951185,Full,Best_85
Poultry,0.5,0.7722414027021498,Full,Best_85
Poultry,0.75,0.7945343475558171,Full,Best_85
Poultry,0.975,0.8348045337484021,Full,Best_85
Sheep,0.025,5.094283866754805e-4,Full,Best_85
Sheep,0.25,0.002925624129949287,Full,Best_85
Sheep,0.5,0.006293659414970944,Full,Best_85
Sheep,0.75,0.01184257511755928,Full,Best_85
Sheep,0.975,0.030696566147891832,Full,Best_85
Beef,0.025,0.16108642644683788,Full,Best_90
Beef,0.25,0.20015977885314243,Full,Best_90
Beef,0.5,0.22126754682293281,Full,Best_90
Beef,0.75,0.24272083151149476,Full,Best_90
Beef,0.975,0.28945625253901053,Full,Best_90
Poultry,0.025,0.7028766131383325,Full,Best_90
Poultry,0.25,0.7497711488187252,Full,Best_90
Poultry,0.5,0.7710724605544104,Full,Best_90
Poultry,0.75,0.7916748633341752,Full,Best_90
Poultry,0.975,0.8301208599562109,Full,Best_90
Sheep,0.025,4.297885080349871e-4,Full,Best_90
Sheep,0.25,0.002702718001101158,Full,Best_90
Sheep,0.5,0.005730880500983018,Full,Best_90
Sheep,0.75,0.010844396105088168,Full,Best_90
Sheep,0.975,0.02796990886588983,Full,Best_90
Beef,0.025,0.16255990670949183,Full,Best_95
Beef,0.25,0.20548369814981188,Full,Best_95
Beef,0.5,0.22794182701872517,Full,Best_95
Beef,0.75,0.24966936396666328,Full,Best_95
Beef,0.975,0.2906118083319793,Full,Best_95
Poultry,0.025,0.7033943900916717,Full,Best_95
Poultry,0.25,0.743127815110496,Full,Best_95
Poultry,0.5,0.764588869733094,Full,Best_95
Poultry,0.75,0.7867340191701003,Full,Best_95
Poultry,0.975,0.8303112433311521,Full,Best_95
Sheep,0.025,4.986863583221632e-4,Full,Best_95
Sheep,0.25,0.0025157156204973657,Full,Best_95
Sheep,0.5,0.005333329205704675,Full,Best_95
Sheep,0.75,0.010436628777456939,Full,Best_95
Sheep,0.975,0.025199270330136577,Full,Best_95
Beef,0.025,0.16132064206694052,Full,Best_100
Beef,0.25,0.20085047946931073,Full,Best_100
Beef,0.5,0.223026785070235,Full,Best_100
Beef,0.75,0.2460676621118554,Full,Best_100
Beef,0.975,0.2889544565946416,Full,Best_100
Poultry,0.025,0.7040584439095668,Full,Best_100
Poultry,0.25,0.7472138117761769,Full,Best_100
Poultry,0.5,0.7694153339524581,Full,Best_100
Poultry,0.75,0.7914323972884851,Full,Best_100
Poultry,0.975,0.8308428305400939,Full,Best_100
Sheep,0.025,4.5242585843142404e-4,Full,Best_100
Sheep,0.25,0.0025621482984354202,Full,Best_100
Sheep,0.5,0.005286690730434727,Full,Best_100
Sheep,0.75,0.009907613679274927,Full,Best_100
Sheep,0.975,0.025193396996404948,Full,Best_100
Beef,0.025,0.12735125176613682,Full,Best_7
Beef,0.25,0.17304157887916435,Full,Best_7
Beef,0.5,0.1957305242087833,Full,Best_7
Beef,0.75,0.21794196915747321,Full,Best_7
Beef,0.975,0.26035993946798197,Full,Best_7
Poultry,0.025,0.7314383377633956,Full,Best_7
Poultry,0.25,0.7730136346584406,Full,Best_7
Poultry,0.5,0.7953769918923215,Full,Best_7
Poultry,0.75,0.8180121930170456,Full,Best_7
Poultry,0.975,0.8636588319532786,Full,Best_7
Sheep,0.025,4.939346763799295e-4,Full,Best_7
Sheep,0.25,0.0029940338122675225,Full,Best_7
Sheep,0.5,0.006456710179041938,Full,Best_7
Sheep,0.75,0.012279712271367774,Full,Best_7
Sheep,0.975,0.03183968036143003,Full,Best_7
Beef,0.025,0.03803994678104626,Full,Random_1
Beef,0.25,0.11489904817569503,Full,Random_1
Beef,0.5,0.15236178532777422,Full,Random_1
Beef,0.75,0.18683147406980793,Full,Random_1
Beef,0.975,0.24847499353905123,Full,Random_1
Poultry,0.025,0.6939228443098958,Full,Random_1
Poultry,0.25,0.7369450407879122,Full,Random_1
Poultry,0.5,0.7617949078885048,Full,Random_1
Poultry,0.75,0.7876634806480294,Full,Random_1
Poultry,0.975,0.8394127609723804,Full,Random_1
Sheep,0.025,0.012802161828660124,Full,Random_1
Sheep,0.25,0.05639985290515874,Full,Random_1
Sheep,0.5,0.08512661166062765,Full,Random_1
Sheep,0.75,0.11482599617104063,Full,Random_1
Sheep,0.975,0.17107498723597217,Full,Random_1
Beef,0.025,0.11375476247613066,Full,Random_2
Beef,0.25,0.16999124949494582,Full,Random_2
Beef,0.5,0.19526486205139557,Full,Random_2
Beef,0.75,0.22003868545069286,Full,Random_2
Beef,0.975,0.26749432518155736,Full,Random_2
Poultry,0.025,0.7245488727465388,Full,Random_2
Poultry,0.25,0.7710812994834906,Full,Random_2
Poultry,0.5,0.7953308037032258,Full,Random_2
Poultry,0.75,0.8201811233935815,Full,Random_2
Poultry,0.975,0.8769445678218714,Full,Random_2
Sheep,0.025,4.927313753804128e-4,Full,Random_2
Sheep,0.25,0.003186169716694562,Full,Random_2
Sheep,0.5,0.006799857732267926,Full,Random_2
Sheep,0.75,0.012935327601314075,Full,Random_2
Sheep,0.975,0.03357093891520061,Full,Random_2
Beef,0.025,0.11038219241291741,Full,Random_3
Beef,0.25,0.16679672517325375,Full,Random_3
Beef,0.5,0.19244861806915103,Full,Random_3
Beef,0.75,0.21657247586062875,Full,Random_3
Beef,0.975,0.25812525841535205,Full,Random_3
Poultry,0.025,0.7317380045549107,Full,Random_3
Poultry,0.25,0.7729012299427629,Full,Random_3
Poultry,0.5,0.7964297356486827,Full,Random_3
Poultry,0.75,0.821747165114285,Full,Random_3
Poultry,0.975,0.8775008719569107,Full,Random_3
Sheep,0.025,6.403622616751143e-4,Full,Random_3
Sheep,0.25,0.003810160698575929,Full,Random_3
Sheep,0.5,0.008320414110075768,Full,Random_3
Sheep,0.75,0.015043896945236486,Full,Random_3
Sheep,0.975,0.038173442574435563,Full,Random_3
Beef,0.025,0.19219683203647406,Full,Random_4
Beef,0.25,0.24176804423704795,Full,Random_4
Beef,0.5,0.265065544310007,Full,Random_4
Beef,0.75,0.28749180252091594,Full,Random_4
Beef,0.975,0.3284091770198937,Full,Random_4
Poultry,0.025,0.6622280783239874,Full,Random_4
Poultry,0.25,0.7026457035870064,Full,Random_4
Poultry,0.5,0.7255734812093511,Full,Random_4
Poultry,0.75,0.748835958696768,Full,Random_4
Poultry,0.975,0.7982858628811947,Full,Random_4
Sheep,0.025,5.479000254809491e-4,Full,Random_4
Sheep,0.25,0.003128215834511992,Full,Random_4
Sheep,0.5,0.006705528934911997,Full,Random_4
Sheep,0.75,0.012666709298791176,Full,Random_4
Sheep,0.975,0.03215469553256771,Full,Random_4
Beef,0.025,0.13833029003189687,Full,Random_5
Beef,0.25,0.18448635652619783,Full,Random_5
Beef,0.5,0.20890779777829682,Full,Random_5
Beef,0.75,0.23199008323555328,Full,Random_5
Beef,0.975,0.2725677423520544,Full,Random_5
Poultry,0.025,0.7164232427273216,Full,Random_5
Poultry,0.25,0.7546864868658779,Full,Random_5
Poultry,0.5,0.7761731695067227,Full,Random_5
Poultry,0.75,0.7984806328388259,Full,Random_5
Poultry,0.975,0.8390666498083096,Full,Random_5
Sheep,0.025,7.708016221977737e-4,Full,Random_5
Sheep,0.25,0.004935416284550717,Full,Random_5
Sheep,0.5,0.01124844556878124,Full,Random_5
Sheep,0.75,0.021621781370101147,Full,Random_5
Sheep,0.975,0.051734242902611104,Full,Random_5
Beef,0.025,0.1330557203843742,Full,Random_6
Beef,0.25,0.17638983043978584,Full,Random_6
Beef,0.5,0.19960008610351687,Full,Random_6
Beef,0.75,0.22206469183024194,Full,Random_6
Beef,0.975,0.26263931250888545,Full,Random_6
Poultry,0.025,0.7277799581854786,Full,Random_6
Poultry,0.25,0.7672704544523768,Full,Random_6
Poultry,0.5,0.789414900616814,Full,Random_6
Poultry,0.75,0.812500541163381,Full,Random_6
Poultry,0.975,0.8551301541520304,Full,Random_6
Sheep,0.025,5.264560139064353e-4,Full,Random_6
Sheep,0.25,0.0036267432434225018,Full,Random_6
Sheep,0.5,0.008042991094080316,Full,Random_6
Sheep,0.75,0.014832579416549856,Full,Random_6
Sheep,0.975,0.037294004641654194,Full,Random_6
Beef,0.025,0.10453672773931033,Full,Random_7
Beef,0.25,0.15281184195532854,Full,Random_7
Beef,0.5,0.17647124583765994,Full,Random_7
Beef,0.75,0.1994900864201147,Full,Random_7
Beef,0.975,0.24371151377434033,Full,Random_7
Poultry,0.025,0.7452792123189459,Full,Random_7
Poultry,0.25,0.7880385405790646,Full,Random_7
Poultry,0.5,0.809957855908118,Full,Random_7
Poultry,0.75,0.8329924193183235,Full,Random_7
Poultry,0.975,0.8796320046601408,Full,Random_7
Sheep,0.025,5.036660543446251e-4,Full,Random_7
Sheep,0.25,0.004559823865392257,Full,Random_7
Sheep,0.5,0.009989650691773638,Full,Random_7
Sheep,0.75,0.018977505113660444,Full,Random_7
Sheep,0.975,0.04422527390519278,Full,Random_7
Beef,0.025,0.1521356508981978,Full,Random_8
Beef,0.25,0.20534985311624546,Full,Random_8
Beef,0.5,0.2321956320602807,Full,Random_8
Beef,0.75,0.25788983940107485,Full,Random_8
Beef,0.975,0.30606949153458013,Full,Random_8
Poultry,0.025,0.6842473404268299,Full,Random_8
Poultry,0.25,0.7324024589527894,Full,Random_8
Poultry,0.5,0.7570769111498715,Full,Random_8
Poultry,0.75,0.7829605550956609,Full,Random_8
Poultry,0.975,0.8359303283869304,Full,Random_8
Sheep,0.025,5.821476255716067e-4,Full,Random_8
Sheep,0.25,0.0036181989974396643,Full,Random_8
Sheep,0.5,0.007920258317676367,Full,Random_8
Sheep,0.75,0.015080798351431085,Full,Random_8
Sheep,0.975,0.03712605550013387,Full,Random_8
Beef,0.025,0.12424812446360889,Full,Random_9
Beef,0.25,0.17852121307342933,Full,Random_9
Beef,0.5,0.20231359452549824,Full,Random_9
Beef,0.75,0.22580585237720308,Full,Random_9
Beef,0.975,0.27329417312976145,Full,Random_9
Poultry,0.025,0.7213768174155745,Full,Random_9
Poultry,0.25,0.7674796689706221,Full,Random_9
Poultry,0.5,0.7906507031444531,Full,Random_9
Poultry,0.75,0.8142249111509534,Full,Random_9
Poultry,0.975,0.8677344822066825,Full,Random_9
Sheep,0.025,3.16224932515004e-4,Full,Random_9
Sheep,0.25,0.00225888686108078,Full,Random_9
Sheep,0.5,0.005154749448824275,Full,Random_9
Sheep,0.75,0.009550232437602278,Full,Random_9
Sheep,0.975,0.02491561418755263,Full,Random_9
Beef,0.025,0.16327773257207323,Full,Random_10
Beef,0.25,0.21220272849331892,Full,Random_10
Beef,0.5,0.23722261216525053,Full,Random_10
Beef,0.75,0.2608044291289715,Full,Random_10
Beef,0.975,0.3037392062542457,Full,Random_10
Poultry,0.025,0.682155136128845,Full,Random_10
Poultry,0.25,0.7238912096485122,Full,Random_10
Poultry,0.5,0.746160990398951,Full,Random_10
Poultry,0.75,0.7689508827700705,Full,Random_10
Poultry,0.975,0.8120172423285638,Full,Random_10
Sheep,0.025,8.448465705649458e-4,Full,Random_10
Sheep,0.25,0.006198310205774582,Full,Random_10
Sheep,0.5,0.01307649326791727,Full,Random_10
Sheep,0.75,0.024299553846654057,Full,Random_10
Sheep,0.975,0.05790997797233226,Full,Random_10
Beef,0.025,0.16779672804984744,Full,Random_11
Beef,0.25,0.20967819564148196,Full,Random_11
Beef,0.5,0.23131248060780923,Full,Random_11
Beef,0.75,0.25171424243160173,Full,Random_11
Beef,0.975,0.28944973772864874,Full,Random_11
Poultry,0.025,0.6993964432487442,Full,Random_11
Poultry,0.25,0.7365037219313147,Full,Random_11
Poultry,0.5,0.7566967018395356,Full,Random_11
Poultry,0.75,0.7775868243212942,Full,Random_11
Poultry,0.975,0.8164726902193669,Full,Random_11
Sheep,0.025,7.109102249364407e-4,Full,Random_11
Sheep,0.25,0.003903028534519049,Full,Random_11
Sheep,0.5,0.008767354072689037,Full,Random_11
Sheep,0.75,0.016893969659699894,Full,Random_11
Sheep,0.975,0.043762456072123423,Full,Random_11
Beef,0.025,0.15102588875865022,Full,Random_12
Beef,0.25,0.19874808857953064,Full,Random_12
Beef,0.5,0.22385056823587565,Full,Random_12
Beef,0.75,0.24812412426667427,Full,Random_12
Beef,0.975,0.29328231699133633,Full,Random_12
Poultry,0.025,0.6970908928777568,Full,Random_12
Poultry,0.25,0.7429771640259223,Full,Random_12
Poultry,0.5,0.7671877059959982,Full,Random_12
Poultry,0.75,0.7914817993809267,Full,Random_12
Poultry,0.975,0.835884518614253,Full,Random_12
Sheep,0.025,5.189977297434239e-4,Full,Random_12
Sheep,0.25,0.003147806532726404,Full,Random_12
Sheep,0.5,0.006866028210562883,Full,Random_12
Sheep,0.75,0.013211530373585512,Full,Random_12
Sheep,0.975,0.03453356231230375,Full,Random_12
Beef,0.025,0.09952489683424039,Full,Random_13
Beef,0.25,0.14841373278257441,Full,Random_13
Beef,0.5,0.17271663343074495,Full,Random_13
Beef,0.75,0.1954725298872565,Full,Random_13
Beef,0.975,0.23677459177165083,Full,Random_13
Poultry,0.025,0.7469751063299075,Full,Random_13
Poultry,0.25,0.785852428879986,Full,Random_13
Poultry,0.5,0.8072318469933124,Full,Random_13
Poultry,0.75,0.8288574639815967,Full,Random_13
Poultry,0.975,0.876346024737566,Full,Random_13
Sheep,0.025,9.368104793113667e-4,Full,Random_13
Sheep,0.25,0.006870103194141601,Full,Random_13
Sheep,0.5,0.015574798665903965,Full,Random_13
Sheep,0.75,0.028693674474482837,Full,Random_13
Sheep,0.975,0.06633875252610967,Full,Random_13
Beef,0.025,0.14478533125368975,Full,Random_14
Beef,0.25,0.19866828981379964,Full,Random_14
Beef,0.5,0.22525811619062325,Full,Random_14
Beef,0.75,0.25049431739361844,Full,Random_14
Beef,0.975,0.2979713685361605,Full,Random_14
Poultry,0.025,0.6885744903167215,Full,Random_14
Poultry,0.25,0.734098374664564,Full,Random_14
Poultry,0.5,0.7581675308696567,Full,Random_14
Poultry,0.75,0.7838610026767467,Full,Random_14
Poultry,0.975,0.8343727554149246,Full,Random_14
Sheep,0.025,9.163375998173741e-4,Full,Random_14
Sheep,0.25,0.0053992759295818935,Full,Random_14
Sheep,0.5,0.012150700088972248,Full,Random_14
Sheep,0.75,0.023293125532297215,Full,Random_14
Sheep,0.975,0.05742638504961846,Full,Random_14
Beef,0.025,0.14540526657501532,Full,Random_15
Beef,0.25,0.18923511838040405,Full,Random_15
Beef,0.5,0.2144397677568363,Full,Random_15
Beef,0.75,0.23854769272512732,Full,Random_15
Beef,0.975,0.28264839974162626,Full,Random_15
Poultry,0.025,0.7082514702203203,Full,Random_15
Poultry,0.25,0.7523228526469262,Full,Random_15
Poultry,0.5,0.7762403731326595,Full,Random_15
Poultry,0.75,0.8002934481469437,Full,Random_15
Poultry,0.975,0.8440319497342408,Full,Random_15
Sheep,0.025,5.373960274583838e-4,Full,Random_15
Sheep,0.25,0.003392533823537453,Full,Random_15
Sheep,0.5,0.007256135448168437,Full,Random_15
Sheep,0.75,0.013298451499687624,Full,Random_15
Sheep,0.975,0.03560121350008295,Full,Random_15
Beef,0.025,0.0881682751923898,Full,Random_16
Beef,0.25,0.14597371388567104,Full,Random_16
Beef,0.5,0.17228785866164958,Full,Random_16
Beef,0.75,0.19943435075325563,Full,Random_16
Beef,0.975,0.2518420053978247,Full,Random_16
Poultry,0.025,0.7385425879611629,Full,Random_16
Poultry,0.25,0.790710593471528,Full,Random_16
Poultry,0.5,0.8168514767406594,Full,Random_16
Poultry,0.75,0.8420115331685184,Full,Random_16
Poultry,0.975,0.8953472265899988,Full,Random_16
Sheep,0.025,5.889941371274938e-4,Full,Random_16
Sheep,0.25,0.003633856654514102,Full,Random_16
Sheep,0.5,0.007802839721145951,Full,Random_16
Sheep,0.75,0.015244298705290073,Full,Random_16
Sheep,0.975,0.03861476412504894,Full,Random_16
Beef,0.025,0.15358889034038495,Full,Random_17
Beef,0.25,0.2082576405663221,Full,Random_17
Beef,0.5,0.2333260250839312,Full,Random_17
Beef,0.75,0.25787238301601084,Full,Random_17
Beef,0.975,0.3007469377042114,Full,Random_17
Poultry,0.025,0.687192604857197,Full,Random_17
Poultry,0.25,0.728316162319602,Full,Random_17
Poultry,0.5,0.750799752017441,Full,Random_17
Poultry,0.75,0.7739490273585508,Full,Random_17
Poultry,0.975,0.8249424517757559,Full,Random_17
Sheep,0.025,9.461438806835817e-4,Full,Random_17
Sheep,0.25,0.005504265334501212,Full,Random_17
Sheep,0.5,0.01154931423561122,Full,Random_17
Sheep,0.75,0.022532129849391954,Full,Random_17
Sheep,0.975,0.055997111680211833,Full,Random_17
Beef,0.025,0.12408246285448471,Full,Random_18
Beef,0.25,0.17099767228516358,Full,Random_18
Beef,0.5,0.19340854025923992,Full,Random_18
Beef,0.75,0.21608256633046924,Full,Random_18
Beef,0.975,0.25703408504642256,Full,Random_18
Poultry,0.025,0.7326585683976686,Full,Random_18
Poultry,0.25,0.7737210132680088,Full,Random_18
Poultry,0.5,0.7956749490958615,Full,Random_18
Poultry,0.75,0.8177549412693375,Full,Random_18
Poultry,0.975,0.8626551055486443,Full,Random_18
Sheep,0.025,5.640117424045239e-4,Full,Random_18
Sheep,0.25,0.003590206368356446,Full,Random_18
Sheep,0.5,0.0078117887110813,Full,Random_18
Sheep,0.75,0.015059076106629129,Full,Random_18
Sheep,0.975,0.038262665361758194,Full,Random_18
Beef,0.025,0.09336511918058565,Full,Random_19
Beef,0.25,0.13778405177762088,Full,Random_19
Beef,0.5,0.15915719874290574,Full,Random_19
Beef,0.75,0.18076457422623513,Full,Random_19
Beef,0.975,0.22045575828723973,Full,Random_19
Poultry,0.025,0.7543280536788679,Full,Random_19
Poultry,0.25,0.7907696877347371,Full,Random_19
Poultry,0.5,0.8107033459648171,Full,Random_19
Poultry,0.75,0.8314030752196035,Full,Random_19
Poultry,0.975,0.8732418912576289,Full,Random_19
Sheep,0.025,0.0019550454610530094,Full,Random_19
Sheep,0.25,0.013197690684555712,Full,Random_19
Sheep,0.5,0.025922412974940894,Full,Random_19
Sheep,0.75,0.04217879137110282,Full,Random_19
Sheep,0.975,0.07771775911646692,Full,Random_19
Beef,0.025,0.07408692308635581,Full,Random_20
Beef,0.25,0.13260489551073096,Full,Random_20
Beef,0.5,0.16298139800185335,Full,Random_20
Beef,0.75,0.19085668894399005,Full,Random_20
Beef,0.975,0.24319695490452692,Full,Random_20
Poultry,0.025,0.7453056593619531,Full,Random_20
Poultry,0.25,0.7970071914083713,Full,Random_20
Poultry,0.5,0.8244149530300265,Full,Random_20
Poultry,0.75,0.8541150813950312,Full,Random_20
Poultry,0.975,0.910874438229071,Full,Random_20
Sheep,0.025,5.930758898761481e-4,Full,Random_20
Sheep,0.25,0.004193446886740072,Full,Random_20
Sheep,0.5,0.0090364966900262,Full,Random_20
Sheep,0.75,0.017611321581927443,Full,Random_20
Sheep,0.975,0.045836117523889004,Full,Random_20
