humans,genes,dist_to_nearest
1,1343,0
2,1343,0
3,1343,0
4,1343,0
5,1343,0
6,1343,0
7,1343,0
8,1343,0
9,1343,0
10,1343,0
11,1343,0
12,1343,0
13,1343,0
14,1343,0
15,1343,0
16,1343,0
17,1343,0
18,1343,0
19,1343,0
20,1343,0
22,1343,0
23,1343,0
24,1343,0
25,1343,0
26,1343,0
27,1343,0
28,1343,0
29,1343,0
30,1343,0
31,1342,0
32,1342,0
33,1342,0
34,1342,0
35,1342,0
36,1341,0
37,1341,0
38,1341,0
39,1341,0
40,1341,0
41,1340,0
43,1340,0
44,1339,0
45,1339,0
46,1339,0
47,1338,0
48,1338,0
49,1337,0
50,1337,0
51,1336,0
52,1336,0
53,1335,0
54,1335,0
55,1335,0
56,1334,0
57,1334,0
58,1333,0
59,1333,0
60,1332,0
61,1332,0
62,1331,0
64,1330,0
65,1330,0
66,1329,0
67,1329,0
68,1328,0
69,1328,0
70,1327,0
71,1326,0
72,1325,0
73,1325,0
74,1324,0
75,1323,0
76,1322,0
77,1321,0
78,1320,0
79,1319,0
80,1318,0
81,1317,0
82,1316,0
83,1315,0
85,1313,0
86,1312,0
87,1311,0
88,1310,0
89,1309,0
90,1308,0
91,1307,0
92,1306,0
93,1305,0
94,1304,0
95,1303,0
96,1302,0
97,1301,0
98,1300,0
99,1299,0
100,1298,0
101,1297,0
102,1296,0
103,1295,0
104,1294,0
106,1292,0
107,1291,0
108,1290,0
109,1289,0
110,1288,0
111,1287,0
112,1286,0
113,1284,0
114,1283,0
115,1282,0
116,1281,0
117,1280,0
118,1279,0
119,1278,0
120,1277,0
121,1276,0
122,1275,0
123,1274,0
124,1273,0
125,1272,0
127,1269,0
128,1268,0
129,1267,0
130,1266,0
131,1265,0
132,1264,0
133,1263,0
134,1261,0
135,1260,0
136,1259,0
137,1258,0
138,1257,0
139,1255,0
140,1254,0
141,1253,0
142,1252,0
143,1250,0
144,1249,0
145,1248,0
146,1246,0
148,1244,0
149,1242,0
150,1241,0
151,1239,0
152,1238,0
153,1236,0
154,1235,0
155,1233,0
156,1232,0
157,1230,0
158,1228,0
159,1227,0
160,1225,0
161,1223,0
162,1221,0
163,1219,0
164,1218,0
165,1216,0
166,1214,0
167,1212,0
169,1209,0
170,1207,0
171,1205,0
172,1203,0
173,1202,0
174,1200,0
175,1198,0
176,1196,0
177,1194,0
178,1192,0
179,1190,0
180,1188,0
181,1186,0
182,1184,0
183,1182,0
184,1180,0
185,1178,0
186,1176,0
187,1174,0
188,1172,0
190,1168,0
191,1166,0
192,1164,0
193,1162,0
194,1160,0
195,1158,0
196,1156,0
197,1154,0
198,1152,0
199,1150,0
200,1148,0
201,1146,0
202,1144,0
203,1142,0
204,1140,0
205,1138,0
206,1136,0
207,1134,0
208,1132,0
209,1130,0
211,1126,0
212,1124,0
213,1122,0
214,1120,0
215,1118,0
216,1116,0
217,1114,0
218,1112,0
219,1110,0
220,1108,0
221,1106,0
222,1104,0
223,1102,0
224,1100,0
225,1097,0
226,1095,0
227,1092,0
228,1090,0
229,1087,0
230,1085,0
232,1081,0
233,1079,0
234,1077,0
235,1075,0
236,1073,0
237,1071,0
238,1069,0
239,1066,0
240,1064,0
241,1061,0
242,1059,0
243,1057,0
244,1055,0
245,1053,0
246,1050,0
247,1048,0
248,1045,0
249,1043,0
250,1040,0
251,1038,0
253,1033,0
254,1031,0
255,1028,0
256,1026,0
257,1023,0
258,1021,0
259,1018,0
260,1016,0
261,1013,0
262,1011,0
263,1008,0
264,1005,0
265,1003,0
266,1000,0
267,998,0
268,995,0
269,993,0
270,990,0
271,987,0
272,985,0
274,980,0
275,977,0
276,975,0
277,972,0
278,969,0
279,967,0
280,964,0
281,961,0
282,959,0
283,956,0
284,954,0
285,951,0
286,949,0
287,946,0
288,944,0
289,941,0
290,938,0
291,936,0
292,933,0
293,931,0
295,926,0
296,923,0
297,920,0
298,918,0
299,915,0
300,913,0
301,910,0
302,907,0
303,905,0
304,902,0
305,899,0
306,897,0
307,894,0
308,891,0
309,888,0
310,886,0
311,883,0
312,880,0
313,878,0
314,875,0
316,869,0
317,867,0
318,864,0
319,861,0
320,859,0
321,856,0
322,853,0
323,850,0
324,848,0
325,845,0
326,842,0
327,840,0
328,837,0
329,834,0
330,832,0
331,829,0
332,826,0
333,823,0
334,821,0
335,818,0
337,812,0
338,810,0
339,807,0
340,804,0
341,802,0
342,799,0
343,796,0
344,794,0
345,791,0
346,788,0
347,786,0
348,783,0
349,780,0
350,778,0
351,775,0
352,773,0
353,770,0
354,768,0
355,765,0
356,762,0
358,757,0
359,754,0
360,752,0
361,749,0
362,746,0
363,744,0
364,741,0
365,738,0
366,736,0
367,733,0
368,730,0
369,728,0
370,725,0
371,723,0
372,720,0
373,717,0
374,715,0
375,712,0
376,709,0
377,707,0
379,702,0
380,699,0
381,696,0
382,694,0
383,691,0
384,688,0
385,686,0
386,683,0
387,681,0
388,678,0
389,675,0
390,673,0
391,670,0
392,668,0
393,665,0
394,663,0
395,660,0
396,658,0
397,655,0
398,653,0
400,648,0
401,645,0
402,642,0
403,640,0
404,637,0
405,635,0
406,632,0
407,630,0
408,627,0
409,625,0
410,622,0
411,620,0
412,617,0
413,614,0
414,612,0
415,609,0
416,607,0
417,604,0
418,602,0
419,600,0
421,595,0
422,592,0
423,590,0
424,587,0
425,584,0
426,582,0
427,579,0
428,577,0
429,574,0
430,572,0
431,569,0
432,566,0
433,564,0
434,561,0
435,559,0
436,556,0
437,554,0
438,551,0
439,548,0
440,546,0
442,540,0
443,538,0
444,535,0
445,533,0
446,530,0
447,527,0
448,524,0
449,521,0
450,519,0
451,517,0
452,515,0
453,512,0
454,510,0
455,508,0
456,505,0
457,503,0
458,501,0
459,498,0
460,496,0
461,494,0
463,489,0
464,486,0
465,484,0
466,482,0
467,479,0
468,477,0
469,474,0
470,472,0
471,470,0
472,467,0
473,465,0
474,463,0
475,460,0
476,458,0
477,455,0
478,453,0
479,450,0
480,448,0
481,445,0
482,443,0
484,438,0
485,435,0
486,433,0
487,430,0
488,428,0
489,425,0
490,423,0
491,420,0
492,418,0
493,415,0
494,413,0
495,411,0
496,408,0
497,406,0
498,403,0
499,401,0
500,398,0
501,396,0
502,393,0
503,391,0
505,386,0
506,383,0
507,381,0
508,378,0
509,376,0
510,373,0
511,371,0
512,368,0
513,366,0
514,363,0
515,361,0
516,358,0
517,356,0
518,353,0
519,351,0
520,348,0
521,345,0
522,342,0
523,340,0
524,337,0
526,332,0
527,329,0
528,326,0
529,323,0
530,321,0
531,318,0
532,315,0
533,312,0
534,309,0
535,306,0
536,303,0
537,300,0
538,297,0
539,294,0
540,291,0
541,288,0
542,286,0
543,283,0
544,280,0
545,277,0
547,271,0
548,268,0
549,266,0
550,263,0
551,260,0
552,258,0
553,255,0
554,252,0
555,249,0
556,247,0
557,244,0
558,242,0
559,239,0
560,237,0
561,234,0
562,232,0
563,229,0
564,226,0
565,224,0
566,221,0
568,215,0
569,213,0
570,210,0
571,207,0
572,205,0
573,202,0
574,200,0
575,197,0
576,194,0
577,192,0
578,189,0
579,186,0
580,183,0
581,181,0
582,178,0
583,176,0
584,174,0
585,172,0
586,170,0
587,167,0
589,162,0
590,160,0
591,157,0
592,155,0
593,152,0
594,149,0
595,146,0
596,143,0
597,141,0
598,138,0
599,136,0
600,134,0
601,132,0
602,130,0
603,127,0
604,125,0
605,122,0
606,119,0
607,117,0
608,114,0
610,109,0
611,106,0
612,104,0
613,101,0
614,98,0
615,96,0
616,93,0
617,90,0
618,85,0
619,82,0
620,79,0
621,76,0
622,71,0
623,68,0
624,63,0
625,60,0
626,57,0
627,54,0
628,51,0
629,47,0
631,42,0
632,40,0
633,38,0
634,34,0
635,31,0
636,29,0
637,28,0
638,27,0
639,25,0
640,22,0
641,20,0
642,18,0
643,16,0
644,15,0
645,14,0
646,12,0
647,11,0
648,10,0
649,8,0
650,7,0
1,1343,1
2,1343,1
3,1343,1
4,1343,1
5,1343,1
6,1343,1
7,1343,1
8,1343,1
9,1343,1
10,1343,1
11,1343,1
12,1343,1
13,1343,1
14,1343,1
15,1343,1
16,1343,1
17,1343,1
18,1343,1
19,1343,1
20,1343,1
22,1343,1
23,1343,1
24,1343,1
25,1343,1
26,1343,1
27,1343,1
28,1343,1
29,1343,1
30,1343,1
31,1343,1
32,1343,1
33,1343,1
34,1343,1
35,1343,1
36,1343,1
37,1343,1
38,1343,1
39,1343,1
40,1343,1
41,1343,1
43,1343,1
44,1343,1
45,1343,1
46,1343,1
47,1343,1
48,1343,1
49,1343,1
50,1343,1
51,1343,1
52,1343,1
53,1343,1
54,1343,1
55,1343,1
56,1343,1
57,1343,1
58,1343,1
59,1343,1
60,1343,1
61,1343,1
62,1343,1
64,1343,1
65,1343,1
66,1343,1
67,1343,1
68,1343,1
69,1343,1
70,1343,1
71,1343,1
72,1343,1
73,1343,1
74,1343,1
75,1343,1
76,1343,1
77,1343,1
78,1343,1
79,1343,1
80,1343,1
81,1343,1
82,1343,1
83,1343,1
85,1343,1
86,1343,1
87,1343,1
88,1343,1
89,1343,1
90,1343,1
91,1343,1
92,1343,1
93,1343,1
94,1343,1
95,1343,1
96,1343,1
97,1343,1
98,1343,1
99,1343,1
100,1343,1
101,1343,1
102,1343,1
103,1343,1
104,1343,1
106,1343,1
107,1343,1
108,1343,1
109,1343,1
110,1343,1
111,1343,1
112,1342,1
113,1342,1
114,1342,1
115,1342,1
116,1342,1
117,1342,1
118,1342,1
119,1342,1
120,1342,1
121,1342,1
122,1342,1
123,1342,1
124,1342,1
125,1342,1
127,1342,1
128,1342,1
129,1342,1
130,1342,1
131,1341,1
132,1341,1
133,1341,1
134,1341,1
135,1341,1
136,1341,1
137,1341,1
138,1341,1
139,1341,1
140,1341,1
141,1340,1
142,1340,1
143,1340,1
144,1340,1
145,1340,1
146,1340,1
148,1340,1
149,1340,1
150,1340,1
151,1339,1
152,1339,1
153,1339,1
154,1339,1
155,1339,1
156,1339,1
157,1338,1
158,1338,1
159,1338,1
160,1338,1
161,1337,1
162,1337,1
163,1337,1
164,1337,1
165,1336,1
166,1336,1
167,1336,1
169,1335,1
170,1335,1
171,1335,1
172,1335,1
173,1334,1
174,1334,1
175,1334,1
176,1333,1
177,1333,1
178,1333,1
179,1332,1
180,1332,1
181,1332,1
182,1332,1
183,1331,1
184,1331,1
185,1331,1
186,1330,1
187,1330,1
188,1330,1
190,1329,1
191,1329,1
192,1328,1
193,1328,1
194,1328,1
195,1327,1
196,1327,1
197,1327,1
198,1326,1
199,1326,1
200,1326,1
201,1325,1
202,1325,1
203,1325,1
204,1324,1
205,1324,1
206,1324,1
207,1323,1
208,1323,1
209,1323,1
211,1322,1
212,1322,1
213,1321,1
214,1321,1
215,1321,1
216,1320,1
217,1320,1
218,1320,1
219,1319,1
220,1319,1
221,1319,1
222,1318,1
223,1318,1
224,1318,1
225,1317,1
226,1317,1
227,1317,1
228,1316,1
229,1316,1
230,1316,1
232,1315,1
233,1315,1
234,1314,1
235,1314,1
236,1313,1
237,1313,1
238,1312,1
239,1312,1
240,1311,1
241,1311,1
242,1310,1
243,1310,1
244,1309,1
245,1309,1
246,1308,1
247,1308,1
248,1307,1
249,1307,1
250,1306,1
251,1306,1
253,1305,1
254,1304,1
255,1304,1
256,1303,1
257,1303,1
258,1302,1
259,1302,1
260,1301,1
261,1301,1
262,1300,1
263,1300,1
264,1299,1
265,1299,1
266,1298,1
267,1298,1
268,1297,1
269,1297,1
270,1296,1
271,1296,1
272,1295,1
274,1294,1
275,1294,1
276,1293,1
277,1292,1
278,1292,1
279,1291,1
280,1290,1
281,1290,1
282,1289,1
283,1288,1
284,1287,1
285,1287,1
286,1286,1
287,1285,1
288,1285,1
289,1284,1
290,1283,1
291,1283,1
292,1282,1
293,1281,1
295,1280,1
296,1279,1
297,1278,1
298,1277,1
299,1277,1
300,1276,1
301,1275,1
302,1274,1
303,1274,1
304,1273,1
305,1272,1
306,1271,1
307,1270,1
308,1270,1
309,1269,1
310,1268,1
311,1267,1
312,1267,1
313,1266,1
314,1265,1
316,1263,1
317,1262,1
318,1261,1
319,1260,1
320,1259,1
321,1258,1
322,1257,1
323,1257,1
324,1256,1
325,1255,1
326,1254,1
327,1254,1
328,1253,1
329,1252,1
330,1251,1
331,1250,1
332,1249,1
333,1248,1
334,1247,1
335,1246,1
337,1244,1
338,1243,1
339,1242,1
340,1241,1
341,1240,1
342,1239,1
343,1238,1
344,1237,1
345,1236,1
346,1235,1
347,1234,1
348,1233,1
349,1232,1
350,1231,1
351,1230,1
352,1229,1
353,1228,1
354,1227,1
355,1226,1
356,1225,1
358,1223,1
359,1222,1
360,1221,1
361,1220,1
362,1219,1
363,1218,1
364,1217,1
365,1216,1
366,1215,1
367,1214,1
368,1213,1
369,1212,1
370,1211,1
371,1210,1
372,1209,1
373,1208,1
374,1207,1
375,1206,1
376,1205,1
377,1204,1
379,1202,1
380,1201,1
381,1200,1
382,1199,1
383,1198,1
384,1197,1
385,1196,1
386,1195,1
387,1194,1
388,1193,1
389,1192,1
390,1191,1
391,1190,1
392,1189,1
393,1188,1
394,1187,1
395,1186,1
396,1185,1
397,1184,1
398,1183,1
400,1181,1
401,1180,1
402,1179,1
403,1178,1
404,1177,1
405,1176,1
406,1175,1
407,1174,1
408,1173,1
409,1172,1
410,1171,1
411,1169,1
412,1168,1
413,1167,1
414,1166,1
415,1165,1
416,1164,1
417,1162,1
418,1161,1
419,1160,1
421,1157,1
422,1156,1
423,1155,1
424,1153,1
425,1152,1
426,1150,1
427,1149,1
428,1147,1
429,1146,1
430,1144,1
431,1143,1
432,1141,1
433,1140,1
434,1138,1
435,1137,1
436,1135,1
437,1133,1
438,1132,1
439,1130,1
440,1129,1
442,1125,1
443,1124,1
444,1122,1
445,1120,1
446,1119,1
447,1117,1
448,1115,1
449,1114,1
450,1112,1
451,1110,1
452,1109,1
453,1107,1
454,1105,1
455,1104,1
456,1102,1
457,1100,1
458,1098,1
459,1096,1
460,1095,1
461,1093,1
463,1089,1
464,1087,1
465,1085,1
466,1083,1
467,1081,1
468,1079,1
469,1077,1
470,1075,1
471,1073,1
472,1071,1
473,1069,1
474,1067,1
475,1065,1
476,1063,1
477,1061,1
478,1059,1
479,1057,1
480,1055,1
481,1053,1
482,1051,1
484,1047,1
485,1045,1
486,1043,1
487,1041,1
488,1039,1
489,1037,1
490,1035,1
491,1033,1
492,1031,1
493,1029,1
494,1027,1
495,1025,1
496,1023,1
497,1021,1
498,1019,1
499,1017,1
500,1015,1
501,1013,1
502,1010,1
503,1008,1
505,1004,1
506,1002,1
507,1000,1
508,998,1
509,996,1
510,993,1
511,991,1
512,989,1
513,986,1
514,984,1
515,981,1
516,978,1
517,975,1
518,972,1
519,969,1
520,967,1
521,964,1
522,961,1
523,958,1
524,955,1
526,949,1
527,947,1
528,944,1
529,941,1
530,938,1
531,935,1
532,932,1
533,929,1
534,926,1
535,923,1
536,920,1
537,917,1
538,914,1
539,911,1
540,907,1
541,903,1
542,899,1
543,895,1
544,891,1
545,887,1
547,879,1
548,875,1
549,871,1
550,866,1
551,862,1
552,857,1
553,852,1
554,848,1
555,843,1
556,838,1
557,832,1
558,827,1
559,822,1
560,817,1
561,811,1
562,805,1
563,799,1
564,794,1
565,789,1
566,784,1
568,776,1
569,772,1
570,768,1
571,764,1
572,760,1
573,755,1
574,751,1
575,747,1
576,742,1
577,738,1
578,734,1
579,729,1
580,724,1
581,720,1
582,715,1
583,711,1
584,707,1
585,702,1
586,697,1
587,692,1
589,681,1
590,675,1
591,670,1
592,665,1
593,659,1
594,654,1
595,649,1
596,644,1
597,639,1
598,634,1
599,628,1
600,623,1
601,617,1
602,611,1
603,605,1
604,599,1
605,592,1
606,586,1
607,580,1
608,574,1
610,558,1
611,549,1
612,539,1
613,530,1
614,521,1
615,511,1
616,501,1
617,490,1
618,474,1
619,464,1
620,449,1
621,429,1
622,418,1
623,391,1
624,371,1
625,351,1
626,344,1
627,327,1
628,305,1
629,290,1
631,260,1
632,250,1
633,239,1
634,223,1
635,203,1
636,188,1
637,184,1
638,174,1
639,160,1
640,146,1
641,138,1
642,128,1
643,121,1
644,116,1
645,111,1
646,104,1
647,98,1
648,90,1
649,85,1
650,67,1
1,1343,2
2,1343,2
3,1343,2
4,1343,2
5,1343,2
6,1343,2
7,1343,2
8,1343,2
9,1343,2
10,1343,2
11,1343,2
12,1343,2
13,1343,2
14,1343,2
15,1343,2
16,1343,2
17,1343,2
18,1343,2
19,1343,2
20,1343,2
22,1343,2
23,1343,2
24,1343,2
25,1343,2
26,1343,2
27,1343,2
28,1343,2
29,1343,2
30,1343,2
31,1343,2
32,1343,2
33,1343,2
34,1343,2
35,1343,2
36,1343,2
37,1343,2
38,1343,2
39,1343,2
40,1343,2
41,1343,2
43,1343,2
44,1343,2
45,1343,2
46,1343,2
47,1343,2
48,1343,2
49,1343,2
50,1343,2
51,1343,2
52,1343,2
53,1343,2
54,1343,2
55,1343,2
56,1343,2
57,1343,2
58,1343,2
59,1343,2
60,1343,2
61,1343,2
62,1343,2
64,1343,2
65,1343,2
66,1343,2
67,1343,2
68,1343,2
69,1343,2
70,1343,2
71,1343,2
72,1343,2
73,1343,2
74,1343,2
75,1343,2
76,1343,2
77,1343,2
78,1343,2
79,1343,2
80,1343,2
81,1343,2
82,1343,2
83,1343,2
85,1343,2
86,1343,2
87,1343,2
88,1343,2
89,1343,2
90,1343,2
91,1343,2
92,1343,2
93,1343,2
94,1343,2
95,1343,2
96,1343,2
97,1343,2
98,1343,2
99,1343,2
100,1343,2
101,1343,2
102,1343,2
103,1343,2
104,1343,2
106,1343,2
107,1343,2
108,1343,2
109,1343,2
110,1343,2
111,1343,2
112,1343,2
113,1343,2
114,1343,2
115,1343,2
116,1343,2
117,1343,2
118,1343,2
119,1343,2
120,1343,2
121,1343,2
122,1343,2
123,1343,2
124,1343,2
125,1343,2
127,1343,2
128,1343,2
129,1343,2
130,1343,2
131,1343,2
132,1343,2
133,1343,2
134,1342,2
135,1342,2
136,1342,2
137,1342,2
138,1342,2
139,1342,2
140,1342,2
141,1342,2
142,1342,2
143,1342,2
144,1342,2
145,1342,2
146,1342,2
148,1342,2
149,1342,2
150,1342,2
151,1342,2
152,1342,2
153,1342,2
154,1342,2
155,1342,2
156,1342,2
157,1341,2
158,1341,2
159,1341,2
160,1341,2
161,1341,2
162,1341,2
163,1341,2
164,1341,2
165,1341,2
166,1341,2
167,1341,2
169,1340,2
170,1340,2
171,1340,2
172,1340,2
173,1340,2
174,1340,2
175,1340,2
176,1340,2
177,1340,2
178,1340,2
179,1340,2
180,1339,2
181,1339,2
182,1339,2
183,1339,2
184,1339,2
185,1338,2
186,1338,2
187,1338,2
188,1338,2
190,1337,2
191,1337,2
192,1337,2
193,1337,2
194,1337,2
195,1336,2
196,1336,2
197,1336,2
198,1336,2
199,1336,2
200,1335,2
201,1335,2
202,1335,2
203,1335,2
204,1335,2
205,1335,2
206,1334,2
207,1334,2
208,1334,2
209,1334,2
211,1333,2
212,1333,2
213,1333,2
214,1333,2
215,1333,2
216,1332,2
217,1332,2
218,1332,2
219,1332,2
220,1331,2
221,1331,2
222,1331,2
223,1331,2
224,1331,2
225,1330,2
226,1330,2
227,1330,2
228,1330,2
229,1329,2
230,1329,2
232,1329,2
233,1328,2
234,1328,2
235,1328,2
236,1328,2
237,1327,2
238,1327,2
239,1327,2
240,1327,2
241,1326,2
242,1326,2
243,1326,2
244,1326,2
245,1325,2
246,1325,2
247,1325,2
248,1325,2
249,1324,2
250,1324,2
251,1324,2
253,1323,2
254,1323,2
255,1322,2
256,1322,2
257,1322,2
258,1321,2
259,1321,2
260,1321,2
261,1320,2
262,1320,2
263,1320,2
264,1319,2
265,1319,2
266,1319,2
267,1318,2
268,1318,2
269,1318,2
270,1317,2
271,1317,2
272,1316,2
274,1316,2
275,1315,2
276,1315,2
277,1314,2
278,1314,2
279,1314,2
280,1313,2
281,1313,2
282,1312,2
283,1312,2
284,1312,2
285,1311,2
286,1311,2
287,1310,2
288,1310,2
289,1309,2
290,1309,2
291,1309,2
292,1308,2
293,1308,2
295,1307,2
296,1306,2
297,1306,2
298,1305,2
299,1305,2
300,1304,2
301,1304,2
302,1303,2
303,1303,2
304,1302,2
305,1302,2
306,1301,2
307,1301,2
308,1300,2
309,1300,2
310,1299,2
311,1299,2
312,1298,2
313,1298,2
314,1297,2
316,1296,2
317,1296,2
318,1295,2
319,1295,2
320,1294,2
321,1294,2
322,1293,2
323,1293,2
324,1292,2
325,1292,2
326,1291,2
327,1290,2
328,1290,2
329,1289,2
330,1288,2
331,1288,2
332,1287,2
333,1286,2
334,1286,2
335,1285,2
337,1283,2
338,1283,2
339,1282,2
340,1281,2
341,1280,2
342,1280,2
343,1279,2
344,1278,2
345,1277,2
346,1277,2
347,1276,2
348,1275,2
349,1274,2
350,1273,2
351,1272,2
352,1272,2
353,1271,2
354,1270,2
355,1269,2
356,1268,2
358,1266,2
359,1265,2
360,1264,2
361,1263,2
362,1262,2
363,1261,2
364,1260,2
365,1259,2
366,1258,2
367,1257,2
368,1256,2
369,1255,2
370,1254,2
371,1253,2
372,1252,2
373,1251,2
374,1250,2
375,1249,2
376,1248,2
377,1247,2
379,1245,2
380,1244,2
381,1243,2
382,1242,2
383,1241,2
384,1240,2
385,1239,2
386,1238,2
387,1237,2
388,1236,2
389,1235,2
390,1234,2
391,1233,2
392,1232,2
393,1231,2
394,1230,2
395,1229,2
396,1228,2
397,1227,2
398,1226,2
400,1224,2
401,1223,2
402,1222,2
403,1221,2
404,1220,2
405,1219,2
406,1218,2
407,1217,2
408,1216,2
409,1215,2
410,1214,2
411,1213,2
412,1212,2
413,1211,2
414,1210,2
415,1209,2
416,1208,2
417,1207,2
418,1206,2
419,1205,2
421,1203,2
422,1202,2
423,1201,2
424,1200,2
425,1199,2
426,1198,2
427,1197,2
428,1196,2
429,1195,2
430,1194,2
431,1193,2
432,1192,2
433,1190,2
434,1189,2
435,1188,2
436,1186,2
437,1185,2
438,1184,2
439,1182,2
440,1181,2
442,1178,2
443,1177,2
444,1176,2
445,1174,2
446,1173,2
447,1172,2
448,1170,2
449,1169,2
450,1168,2
451,1166,2
452,1165,2
453,1163,2
454,1162,2
455,1160,2
456,1159,2
457,1157,2
458,1155,2
459,1154,2
460,1152,2
461,1151,2
463,1147,2
464,1146,2
465,1144,2
466,1142,2
467,1140,2
468,1139,2
469,1137,2
470,1135,2
471,1134,2
472,1132,2
473,1130,2
474,1128,2
475,1126,2
476,1124,2
477,1122,2
478,1120,2
479,1118,2
480,1116,2
481,1114,2
482,1112,2
484,1108,2
485,1106,2
486,1104,2
487,1102,2
488,1100,2
489,1098,2
490,1096,2
491,1094,2
492,1092,2
493,1090,2
494,1088,2
495,1086,2
496,1084,2
497,1082,2
498,1080,2
499,1077,2
500,1075,2
501,1073,2
502,1071,2
503,1069,2
505,1064,2
506,1062,2
507,1059,2
508,1057,2
509,1055,2
510,1052,2
511,1050,2
512,1047,2
513,1045,2
514,1042,2
515,1039,2
516,1037,2
517,1034,2
518,1032,2
519,1029,2
520,1026,2
521,1023,2
522,1020,2
523,1017,2
524,1014,2
526,1009,2
527,1006,2
528,1004,2
529,1001,2
530,998,2
531,995,2
532,992,2
533,989,2
534,986,2
535,983,2
536,980,2
537,977,2
538,974,2
539,971,2
540,968,2
541,965,2
542,962,2
543,958,2
544,954,2
545,950,2
547,942,2
548,938,2
549,934,2
550,930,2
551,926,2
552,922,2
553,918,2
554,913,2
555,908,2
556,904,2
557,899,2
558,894,2
559,890,2
560,887,2
561,884,2
562,881,2
563,877,2
564,873,2
565,869,2
566,865,2
568,857,2
569,853,2
570,849,2
571,845,2
572,841,2
573,836,2
574,832,2
575,828,2
576,823,2
577,819,2
578,814,2
579,810,2
580,805,2
581,801,2
582,797,2
583,793,2
584,788,2
585,784,2
586,779,2
587,775,2
589,766,2
590,762,2
591,757,2
592,753,2
593,748,2
594,744,2
595,739,2
596,735,2
597,730,2
598,724,2
599,719,2
600,715,2
601,710,2
602,704,2
603,697,2
604,689,2
605,682,2
606,676,2
607,669,2
608,661,2
610,644,2
611,636,2
612,628,2
613,620,2
614,612,2
615,604,2
616,593,2
617,583,2
618,574,2
619,562,2
620,551,2
621,539,2
622,524,2
623,502,2
624,484,2
625,469,2
626,460,2
627,443,2
628,430,2
629,416,2
631,382,2
632,374,2
633,363,2
634,351,2
635,331,2
636,309,2
637,299,2
638,290,2
639,278,2
640,263,2
641,248,2
642,235,2
643,221,2
644,208,2
645,200,2
646,193,2
647,183,2
648,174,2
649,164,2
650,134,2
1,1343,3
2,1343,3
3,1343,3
4,1343,3
5,1343,3
6,1343,3
7,1343,3
8,1343,3
9,1343,3
10,1343,3
11,1343,3
12,1343,3
13,1343,3
14,1343,3
15,1343,3
16,1343,3
17,1343,3
18,1343,3
19,1343,3
20,1343,3
22,1343,3
23,1343,3
24,1343,3
25,1343,3
26,1343,3
27,1343,3
28,1343,3
29,1343,3
30,1343,3
31,1343,3
32,1343,3
33,1343,3
34,1343,3
35,1343,3
36,1343,3
37,1343,3
38,1343,3
39,1343,3
40,1343,3
41,1343,3
43,1343,3
44,1343,3
45,1343,3
46,1343,3
47,1343,3
48,1343,3
49,1343,3
50,1343,3
51,1343,3
52,1343,3
53,1343,3
54,1343,3
55,1343,3
56,1343,3
57,1343,3
58,1343,3
59,1343,3
60,1343,3
61,1343,3
62,1343,3
64,1343,3
65,1343,3
66,1343,3
67,1343,3
68,1343,3
69,1343,3
70,1343,3
71,1343,3
72,1343,3
73,1343,3
74,1343,3
75,1343,3
76,1343,3
77,1343,3
78,1343,3
79,1343,3
80,1343,3
81,1343,3
82,1343,3
83,1343,3
85,1343,3
86,1343,3
87,1343,3
88,1343,3
89,1343,3
90,1343,3
91,1343,3
92,1343,3
93,1343,3
94,1343,3
95,1343,3
96,1343,3
97,1343,3
98,1343,3
99,1343,3
100,1343,3
101,1343,3
102,1343,3
103,1343,3
104,1343,3
106,1343,3
107,1343,3
108,1343,3
109,1343,3
110,1343,3
111,1343,3
112,1343,3
113,1343,3
114,1343,3
115,1343,3
116,1343,3
117,1343,3
118,1343,3
119,1343,3
120,1343,3
121,1343,3
122,1343,3
123,1343,3
124,1343,3
125,1343,3
127,1343,3
128,1343,3
129,1343,3
130,1343,3
131,1343,3
132,1343,3
133,1343,3
134,1343,3
135,1343,3
136,1343,3
137,1343,3
138,1343,3
139,1343,3
140,1343,3
141,1343,3
142,1343,3
143,1343,3
144,1343,3
145,1343,3
146,1343,3
148,1343,3
149,1343,3
150,1343,3
151,1342,3
152,1342,3
153,1342,3
154,1342,3
155,1342,3
156,1342,3
157,1342,3
158,1342,3
159,1342,3
160,1342,3
161,1342,3
162,1342,3
163,1342,3
164,1342,3
165,1342,3
166,1342,3
167,1342,3
169,1342,3
170,1342,3
171,1342,3
172,1342,3
173,1342,3
174,1342,3
175,1341,3
176,1341,3
177,1341,3
178,1341,3
179,1341,3
180,1341,3
181,1341,3
182,1341,3
183,1341,3
184,1341,3
185,1341,3
186,1341,3
187,1341,3
188,1341,3
190,1340,3
191,1340,3
192,1340,3
193,1340,3
194,1340,3
195,1340,3
196,1340,3
197,1340,3
198,1340,3
199,1340,3
200,1340,3
201,1339,3
202,1339,3
203,1339,3
204,1339,3
205,1339,3
206,1338,3
207,1338,3
208,1338,3
209,1338,3
211,1337,3
212,1337,3
213,1337,3
214,1337,3
215,1337,3
216,1336,3
217,1336,3
218,1336,3
219,1336,3
220,1336,3
221,1335,3
222,1335,3
223,1335,3
224,1335,3
225,1335,3
226,1335,3
227,1334,3
228,1334,3
229,1334,3
230,1334,3
232,1333,3
233,1333,3
234,1333,3
235,1333,3
236,1333,3
237,1332,3
238,1332,3
239,1332,3
240,1332,3
241,1332,3
242,1331,3
243,1331,3
244,1331,3
245,1331,3
246,1331,3
247,1330,3
248,1330,3
249,1330,3
250,1330,3
251,1329,3
253,1329,3
254,1329,3
255,1328,3
256,1328,3
257,1328,3
258,1328,3
259,1327,3
260,1327,3
261,1327,3
262,1327,3
263,1326,3
264,1326,3
265,1326,3
266,1325,3
267,1325,3
268,1325,3
269,1325,3
270,1324,3
271,1324,3
272,1324,3
274,1323,3
275,1323,3
276,1322,3
277,1322,3
278,1322,3
279,1321,3
280,1321,3
281,1321,3
282,1320,3
283,1320,3
284,1320,3
285,1319,3
286,1319,3
287,1319,3
288,1318,3
289,1318,3
290,1318,3
291,1317,3
292,1317,3
293,1317,3
295,1316,3
296,1316,3
297,1315,3
298,1315,3
299,1314,3
300,1314,3
301,1314,3
302,1313,3
303,1313,3
304,1312,3
305,1312,3
306,1311,3
307,1311,3
308,1310,3
309,1310,3
310,1309,3
311,1309,3
312,1308,3
313,1308,3
314,1307,3
316,1306,3
317,1306,3
318,1305,3
319,1305,3
320,1304,3
321,1304,3
322,1303,3
323,1303,3
324,1302,3
325,1302,3
326,1301,3
327,1301,3
328,1300,3
329,1300,3
330,1299,3
331,1298,3
332,1298,3
333,1297,3
334,1297,3
335,1296,3
337,1295,3
338,1295,3
339,1294,3
340,1294,3
341,1293,3
342,1293,3
343,1292,3
344,1291,3
345,1291,3
346,1290,3
347,1290,3
348,1289,3
349,1288,3
350,1288,3
351,1287,3
352,1286,3
353,1286,3
354,1285,3
355,1284,3
356,1284,3
358,1282,3
359,1281,3
360,1280,3
361,1280,3
362,1279,3
363,1278,3
364,1277,3
365,1276,3
366,1275,3
367,1275,3
368,1274,3
369,1273,3
370,1272,3
371,1271,3
372,1270,3
373,1269,3
374,1268,3
375,1267,3
376,1266,3
377,1265,3
379,1263,3
380,1262,3
381,1261,3
382,1260,3
383,1259,3
384,1258,3
385,1257,3
386,1256,3
387,1255,3
388,1254,3
389,1253,3
390,1252,3
391,1251,3
392,1250,3
393,1249,3
394,1248,3
395,1247,3
396,1246,3
397,1245,3
398,1244,3
400,1242,3
401,1241,3
402,1240,3
403,1239,3
404,1238,3
405,1237,3
406,1236,3
407,1235,3
408,1234,3
409,1233,3
410,1232,3
411,1231,3
412,1230,3
413,1229,3
414,1228,3
415,1227,3
416,1226,3
417,1225,3
418,1224,3
419,1223,3
421,1221,3
422,1220,3
423,1219,3
424,1218,3
425,1217,3
426,1216,3
427,1215,3
428,1214,3
429,1213,3
430,1212,3
431,1211,3
432,1210,3
433,1209,3
434,1208,3
435,1207,3
436,1206,3
437,1204,3
438,1203,3
439,1202,3
440,1200,3
442,1198,3
443,1196,3
444,1195,3
445,1194,3
446,1192,3
447,1191,3
448,1189,3
449,1188,3
450,1187,3
451,1185,3
452,1184,3
453,1183,3
454,1181,3
455,1180,3
456,1178,3
457,1177,3
458,1175,3
459,1173,3
460,1172,3
461,1170,3
463,1167,3
464,1165,3
465,1163,3
466,1161,3
467,1160,3
468,1158,3
469,1156,3
470,1155,3
471,1153,3
472,1151,3
473,1149,3
474,1148,3
475,1146,3
476,1144,3
477,1142,3
478,1140,3
479,1138,3
480,1136,3
481,1134,3
482,1132,3
484,1128,3
485,1126,3
486,1124,3
487,1122,3
488,1120,3
489,1118,3
490,1116,3
491,1114,3
492,1112,3
493,1110,3
494,1108,3
495,1106,3
496,1104,3
497,1102,3
498,1100,3
499,1098,3
500,1096,3
501,1094,3
502,1092,3
503,1090,3
505,1086,3
506,1083,3
507,1081,3
508,1079,3
509,1077,3
510,1074,3
511,1072,3
512,1070,3
513,1067,3
514,1065,3
515,1063,3
516,1060,3
517,1058,3
518,1055,3
519,1053,3
520,1051,3
521,1048,3
522,1046,3
523,1043,3
524,1041,3
526,1036,3
527,1033,3
528,1030,3
529,1028,3
530,1026,3
531,1023,3
532,1021,3
533,1018,3
534,1016,3
535,1013,3
536,1011,3
537,1008,3
538,1005,3
539,1002,3
540,999,3
541,996,3
542,993,3
543,990,3
544,987,3
545,984,3
547,977,3
548,973,3
549,969,3
550,965,3
551,961,3
552,957,3
553,953,3
554,950,3
555,947,3
556,944,3
557,940,3
558,936,3
559,932,3
560,928,3
561,924,3
562,920,3
563,915,3
564,912,3
565,909,3
566,906,3
568,898,3
569,894,3
570,890,3
571,886,3
572,883,3
573,880,3
574,877,3
575,874,3
576,870,3
577,866,3
578,862,3
579,858,3
580,854,3
581,850,3
582,846,3
583,842,3
584,837,3
585,833,3
586,829,3
587,824,3
589,816,3
590,811,3
591,807,3
592,803,3
593,798,3
594,794,3
595,789,3
596,784,3
597,779,3
598,774,3
599,768,3
600,763,3
601,758,3
602,753,3
603,747,3
604,741,3
605,734,3
606,727,3
607,720,3
608,712,3
610,698,3
611,690,3
612,683,3
613,676,3
614,669,3
615,661,3
616,653,3
617,644,3
618,636,3
619,624,3
620,616,3
621,603,3
622,589,3
623,569,3
624,556,3
625,546,3
626,535,3
627,521,3
628,511,3
629,495,3
631,462,3
632,453,3
633,440,3
634,427,3
635,406,3
636,388,3
637,374,3
638,357,3
639,346,3
640,332,3
641,321,3
642,309,3
643,296,3
644,282,3
645,273,3
646,263,3
647,253,3
648,243,3
649,234,3
650,192,3
1,1343,4
2,1343,4
3,1343,4
4,1343,4
5,1343,4
6,1343,4
7,1343,4
8,1343,4
9,1343,4
10,1343,4
11,1343,4
12,1343,4
13,1343,4
14,1343,4
15,1343,4
16,1343,4
17,1343,4
18,1343,4
19,1343,4
20,1343,4
22,1343,4
23,1343,4
24,1343,4
25,1343,4
26,1343,4
27,1343,4
28,1343,4
29,1343,4
30,1343,4
31,1343,4
32,1343,4
33,1343,4
34,1343,4
35,1343,4
36,1343,4
37,1343,4
38,1343,4
39,1343,4
40,1343,4
41,1343,4
43,1343,4
44,1343,4
45,1343,4
46,1343,4
47,1343,4
48,1343,4
49,1343,4
50,1343,4
51,1343,4
52,1343,4
53,1343,4
54,1343,4
55,1343,4
56,1343,4
57,1343,4
58,1343,4
59,1343,4
60,1343,4
61,1343,4
62,1343,4
64,1343,4
65,1343,4
66,1343,4
67,1343,4
68,1343,4
69,1343,4
70,1343,4
71,1343,4
72,1343,4
73,1343,4
74,1343,4
75,1343,4
76,1343,4
77,1343,4
78,1343,4
79,1343,4
80,1343,4
81,1343,4
82,1343,4
83,1343,4
85,1343,4
86,1343,4
87,1343,4
88,1343,4
89,1343,4
90,1343,4
91,1343,4
92,1343,4
93,1343,4
94,1343,4
95,1343,4
96,1343,4
97,1343,4
98,1343,4
99,1343,4
100,1343,4
101,1343,4
102,1343,4
103,1343,4
104,1343,4
106,1343,4
107,1343,4
108,1343,4
109,1343,4
110,1343,4
111,1343,4
112,1343,4
113,1343,4
114,1343,4
115,1343,4
116,1343,4
117,1343,4
118,1343,4
119,1343,4
120,1343,4
121,1343,4
122,1343,4
123,1343,4
124,1343,4
125,1343,4
127,1343,4
128,1343,4
129,1343,4
130,1343,4
131,1343,4
132,1343,4
133,1343,4
134,1343,4
135,1343,4
136,1343,4
137,1343,4
138,1343,4
139,1343,4
140,1343,4
141,1343,4
142,1343,4
143,1343,4
144,1343,4
145,1343,4
146,1343,4
148,1343,4
149,1343,4
150,1343,4
151,1343,4
152,1343,4
153,1343,4
154,1343,4
155,1343,4
156,1343,4
157,1343,4
158,1343,4
159,1343,4
160,1343,4
161,1343,4
162,1343,4
163,1343,4
164,1343,4
165,1342,4
166,1342,4
167,1342,4
169,1342,4
170,1342,4
171,1342,4
172,1342,4
173,1342,4
174,1342,4
175,1342,4
176,1342,4
177,1342,4
178,1342,4
179,1342,4
180,1342,4
181,1342,4
182,1342,4
183,1342,4
184,1342,4
185,1342,4
186,1342,4
187,1342,4
188,1341,4
190,1341,4
191,1341,4
192,1341,4
193,1341,4
194,1341,4
195,1341,4
196,1341,4
197,1341,4
198,1341,4
199,1341,4
200,1341,4
201,1341,4
202,1341,4
203,1341,4
204,1341,4
205,1341,4
206,1341,4
207,1340,4
208,1340,4
209,1340,4
211,1340,4
212,1340,4
213,1340,4
214,1340,4
215,1340,4
216,1340,4
217,1340,4
218,1340,4
219,1340,4
220,1339,4
221,1339,4
222,1339,4
223,1339,4
224,1339,4
225,1339,4
226,1338,4
227,1338,4
228,1338,4
229,1338,4
230,1338,4
232,1337,4
233,1337,4
234,1337,4
235,1337,4
236,1337,4
237,1337,4
238,1336,4
239,1336,4
240,1336,4
241,1336,4
242,1335,4
243,1335,4
244,1335,4
245,1335,4
246,1335,4
247,1334,4
248,1334,4
249,1334,4
250,1334,4
251,1334,4
253,1333,4
254,1333,4
255,1333,4
256,1333,4
257,1333,4
258,1332,4
259,1332,4
260,1332,4
261,1332,4
262,1331,4
263,1331,4
264,1331,4
265,1331,4
266,1330,4
267,1330,4
268,1330,4
269,1330,4
270,1329,4
271,1329,4
272,1329,4
274,1328,4
275,1328,4
276,1328,4
277,1328,4
278,1327,4
279,1327,4
280,1327,4
281,1327,4
282,1326,4
283,1326,4
284,1326,4
285,1325,4
286,1325,4
287,1325,4
288,1325,4
289,1324,4
290,1324,4
291,1324,4
292,1323,4
293,1323,4
295,1322,4
296,1322,4
297,1322,4
298,1321,4
299,1321,4
300,1321,4
301,1320,4
302,1320,4
303,1320,4
304,1319,4
305,1319,4
306,1319,4
307,1318,4
308,1318,4
309,1318,4
310,1317,4
311,1317,4
312,1317,4
313,1316,4
314,1316,4
316,1315,4
317,1315,4
318,1314,4
319,1314,4
320,1314,4
321,1313,4
322,1313,4
323,1312,4
324,1312,4
325,1312,4
326,1311,4
327,1311,4
328,1310,4
329,1310,4
330,1309,4
331,1309,4
332,1308,4
333,1308,4
334,1307,4
335,1307,4
337,1306,4
338,1305,4
339,1305,4
340,1304,4
341,1304,4
342,1303,4
343,1303,4
344,1302,4
345,1302,4
346,1301,4
347,1301,4
348,1300,4
349,1300,4
350,1299,4
351,1299,4
352,1298,4
353,1298,4
354,1297,4
355,1296,4
356,1296,4
358,1295,4
359,1294,4
360,1294,4
361,1293,4
362,1293,4
363,1292,4
364,1292,4
365,1291,4
366,1290,4
367,1290,4
368,1289,4
369,1288,4
370,1287,4
371,1287,4
372,1286,4
373,1285,4
374,1284,4
375,1283,4
376,1282,4
377,1281,4
379,1279,4
380,1278,4
381,1277,4
382,1276,4
383,1275,4
384,1274,4
385,1273,4
386,1272,4
387,1271,4
388,1270,4
389,1269,4
390,1268,4
391,1267,4
392,1266,4
393,1265,4
394,1264,4
395,1263,4
396,1262,4
397,1261,4
398,1260,4
400,1258,4
401,1257,4
402,1256,4
403,1255,4
404,1254,4
405,1253,4
406,1252,4
407,1251,4
408,1250,4
409,1249,4
410,1248,4
411,1247,4
412,1246,4
413,1245,4
414,1244,4
415,1243,4
416,1242,4
417,1241,4
418,1240,4
419,1239,4
421,1237,4
422,1236,4
423,1235,4
424,1234,4
425,1233,4
426,1232,4
427,1231,4
428,1230,4
429,1229,4
430,1228,4
431,1227,4
432,1226,4
433,1225,4
434,1224,4
435,1223,4
436,1222,4
437,1221,4
438,1220,4
439,1219,4
440,1218,4
442,1216,4
443,1215,4
444,1214,4
445,1213,4
446,1212,4
447,1211,4
448,1210,4
449,1209,4
450,1208,4
451,1207,4
452,1206,4
453,1205,4
454,1203,4
455,1202,4
456,1200,4
457,1199,4
458,1198,4
459,1197,4
460,1195,4
461,1194,4
463,1191,4
464,1190,4
465,1188,4
466,1187,4
467,1186,4
468,1184,4
469,1183,4
470,1181,4
471,1179,4
472,1178,4
473,1176,4
474,1174,4
475,1173,4
476,1171,4
477,1169,4
478,1168,4
479,1166,4
480,1164,4
481,1162,4
482,1160,4
484,1156,4
485,1154,4
486,1152,4
487,1150,4
488,1148,4
489,1146,4
490,1144,4
491,1142,4
492,1140,4
493,1138,4
494,1136,4
495,1134,4
496,1132,4
497,1130,4
498,1128,4
499,1126,4
500,1124,4
501,1122,4
502,1120,4
503,1118,4
505,1114,4
506,1112,4
507,1110,4
508,1108,4
509,1106,4
510,1104,4
511,1102,4
512,1099,4
513,1097,4
514,1095,4
515,1093,4
516,1091,4
517,1088,4
518,1086,4
519,1084,4
520,1081,4
521,1079,4
522,1076,4
523,1074,4
524,1072,4
526,1068,4
527,1065,4
528,1063,4
529,1061,4
530,1058,4
531,1056,4
532,1053,4
533,1051,4
534,1048,4
535,1046,4
536,1043,4
537,1040,4
538,1037,4
539,1034,4
540,1031,4
541,1028,4
542,1025,4
543,1022,4
544,1019,4
545,1016,4
547,1009,4
548,1005,4
549,1001,4
550,997,4
551,993,4
552,989,4
553,986,4
554,982,4
555,979,4
556,975,4
557,972,4
558,969,4
559,966,4
560,963,4
561,960,4
562,957,4
563,954,4
564,951,4
565,948,4
566,945,4
568,938,4
569,934,4
570,931,4
571,927,4
572,924,4
573,920,4
574,916,4
575,912,4
576,909,4
577,905,4
578,902,4
579,899,4
580,895,4
581,892,4
582,888,4
583,884,4
584,880,4
585,876,4
586,872,4
587,868,4
589,860,4
590,856,4
591,851,4
592,846,4
593,841,4
594,837,4
595,832,4
596,827,4
597,822,4
598,817,4
599,813,4
600,808,4
601,803,4
602,798,4
603,793,4
604,788,4
605,782,4
606,776,4
607,769,4
608,762,4
610,749,4
611,743,4
612,736,4
613,729,4
614,721,4
615,714,4
616,706,4
617,699,4
618,691,4
619,681,4
620,673,4
621,659,4
622,645,4
623,631,4
624,620,4
625,611,4
626,599,4
627,590,4
628,578,4
629,564,4
631,540,4
632,529,4
633,517,4
634,506,4
635,489,4
636,475,4
637,460,4
638,436,4
639,412,4
640,403,4
641,393,4
642,378,4
643,363,4
644,351,4
645,333,4
646,325,4
647,314,4
648,305,4
649,293,4
650,252,4
1,1343,5
2,1343,5
3,1343,5
4,1343,5
5,1343,5
6,1343,5
7,1343,5
8,1343,5
9,1343,5
10,1343,5
11,1343,5
12,1343,5
13,1343,5
14,1343,5
15,1343,5
16,1343,5
17,1343,5
18,1343,5
19,1343,5
20,1343,5
22,1343,5
23,1343,5
24,1343,5
25,1343,5
26,1343,5
27,1343,5
28,1343,5
29,1343,5
30,1343,5
31,1343,5
32,1343,5
33,1343,5
34,1343,5
35,1343,5
36,1343,5
37,1343,5
38,1343,5
39,1343,5
40,1343,5
41,1343,5
43,1343,5
44,1343,5
45,1343,5
46,1343,5
47,1343,5
48,1343,5
49,1343,5
50,1343,5
51,1343,5
52,1343,5
53,1343,5
54,1343,5
55,1343,5
56,1343,5
57,1343,5
58,1343,5
59,1343,5
60,1343,5
61,1343,5
62,1343,5
64,1343,5
65,1343,5
66,1343,5
67,1343,5
68,1343,5
69,1343,5
70,1343,5
71,1343,5
72,1343,5
73,1343,5
74,1343,5
75,1343,5
76,1343,5
77,1343,5
78,1343,5
79,1343,5
80,1343,5
81,1343,5
82,1343,5
83,1343,5
85,1343,5
86,1343,5
87,1343,5
88,1343,5
89,1343,5
90,1343,5
91,1343,5
92,1343,5
93,1343,5
94,1343,5
95,1343,5
96,1343,5
97,1343,5
98,1343,5
99,1343,5
100,1343,5
101,1343,5
102,1343,5
103,1343,5
104,1343,5
106,1343,5
107,1343,5
108,1343,5
109,1343,5
110,1343,5
111,1343,5
112,1343,5
113,1343,5
114,1343,5
115,1343,5
116,1343,5
117,1343,5
118,1343,5
119,1343,5
120,1343,5
121,1343,5
122,1343,5
123,1343,5
124,1343,5
125,1343,5
127,1343,5
128,1343,5
129,1343,5
130,1343,5
131,1343,5
132,1343,5
133,1343,5
134,1343,5
135,1343,5
136,1343,5
137,1343,5
138,1343,5
139,1343,5
140,1343,5
141,1343,5
142,1343,5
143,1343,5
144,1343,5
145,1343,5
146,1343,5
148,1343,5
149,1343,5
150,1343,5
151,1343,5
152,1343,5
153,1343,5
154,1343,5
155,1343,5
156,1343,5
157,1343,5
158,1343,5
159,1343,5
160,1343,5
161,1343,5
162,1343,5
163,1343,5
164,1343,5
165,1343,5
166,1343,5
167,1343,5
169,1343,5
170,1343,5
171,1343,5
172,1343,5
173,1343,5
174,1343,5
175,1343,5
176,1343,5
177,1343,5
178,1343,5
179,1343,5
180,1343,5
181,1343,5
182,1343,5
183,1343,5
184,1343,5
185,1343,5
186,1342,5
187,1342,5
188,1342,5
190,1342,5
191,1342,5
192,1342,5
193,1342,5
194,1342,5
195,1342,5
196,1342,5
197,1342,5
198,1342,5
199,1342,5
200,1342,5
201,1342,5
202,1342,5
203,1342,5
204,1342,5
205,1342,5
206,1342,5
207,1342,5
208,1341,5
209,1341,5
211,1341,5
212,1341,5
213,1341,5
214,1341,5
215,1341,5
216,1341,5
217,1341,5
218,1341,5
219,1341,5
220,1341,5
221,1341,5
222,1341,5
223,1341,5
224,1340,5
225,1340,5
226,1340,5
227,1340,5
228,1340,5
229,1340,5
230,1340,5
232,1340,5
233,1340,5
234,1340,5
235,1340,5
236,1340,5
237,1339,5
238,1339,5
239,1339,5
240,1339,5
241,1339,5
242,1339,5
243,1339,5
244,1338,5
245,1338,5
246,1338,5
247,1338,5
248,1338,5
249,1338,5
250,1337,5
251,1337,5
253,1337,5
254,1337,5
255,1337,5
256,1336,5
257,1336,5
258,1336,5
259,1336,5
260,1336,5
261,1335,5
262,1335,5
263,1335,5
264,1335,5
265,1335,5
266,1334,5
267,1334,5
268,1334,5
269,1334,5
270,1334,5
271,1333,5
272,1333,5
274,1333,5
275,1332,5
276,1332,5
277,1332,5
278,1332,5
279,1331,5
280,1331,5
281,1331,5
282,1331,5
283,1330,5
284,1330,5
285,1330,5
286,1330,5
287,1329,5
288,1329,5
289,1329,5
290,1329,5
291,1328,5
292,1328,5
293,1328,5
295,1327,5
296,1327,5
297,1326,5
298,1326,5
299,1326,5
300,1325,5
301,1325,5
302,1324,5
303,1324,5
304,1324,5
305,1323,5
306,1323,5
307,1323,5
308,1322,5
309,1322,5
310,1321,5
311,1321,5
312,1321,5
313,1320,5
314,1320,5
316,1319,5
317,1319,5
318,1318,5
319,1318,5
320,1318,5
321,1317,5
322,1317,5
323,1316,5
324,1316,5
325,1316,5
326,1315,5
327,1315,5
328,1314,5
329,1314,5
330,1314,5
331,1313,5
332,1313,5
333,1312,5
334,1312,5
335,1312,5
337,1311,5
338,1310,5
339,1310,5
340,1309,5
341,1309,5
342,1308,5
343,1308,5
344,1307,5
345,1307,5
346,1306,5
347,1306,5
348,1305,5
349,1305,5
350,1304,5
351,1304,5
352,1303,5
353,1303,5
354,1302,5
355,1302,5
356,1301,5
358,1300,5
359,1300,5
360,1299,5
361,1299,5
362,1298,5
363,1298,5
364,1297,5
365,1297,5
366,1296,5
367,1296,5
368,1295,5
369,1294,5
370,1294,5
371,1293,5
372,1292,5
373,1291,5
374,1291,5
375,1290,5
376,1289,5
377,1288,5
379,1286,5
380,1285,5
381,1284,5
382,1283,5
383,1282,5
384,1282,5
385,1281,5
386,1280,5
387,1279,5
388,1278,5
389,1277,5
390,1276,5
391,1275,5
392,1274,5
393,1273,5
394,1272,5
395,1271,5
396,1270,5
397,1269,5
398,1268,5
400,1266,5
401,1265,5
402,1264,5
403,1263,5
404,1262,5
405,1261,5
406,1260,5
407,1259,5
408,1258,5
409,1257,5
410,1256,5
411,1255,5
412,1254,5
413,1253,5
414,1252,5
415,1251,5
416,1250,5
417,1249,5
418,1248,5
419,1247,5
421,1245,5
422,1244,5
423,1243,5
424,1242,5
425,1241,5
426,1240,5
427,1239,5
428,1238,5
429,1237,5
430,1236,5
431,1235,5
432,1234,5
433,1233,5
434,1232,5
435,1231,5
436,1230,5
437,1229,5
438,1228,5
439,1227,5
440,1226,5
442,1224,5
443,1223,5
444,1222,5
445,1221,5
446,1220,5
447,1219,5
448,1218,5
449,1217,5
450,1216,5
451,1215,5
452,1214,5
453,1213,5
454,1212,5
455,1211,5
456,1210,5
457,1209,5
458,1208,5
459,1207,5
460,1206,5
461,1205,5
463,1203,5
464,1201,5
465,1200,5
466,1199,5
467,1197,5
468,1196,5
469,1194,5
470,1193,5
471,1192,5
472,1190,5
473,1189,5
474,1187,5
475,1185,5
476,1184,5
477,1182,5
478,1180,5
479,1178,5
480,1177,5
481,1175,5
482,1173,5
484,1169,5
485,1167,5
486,1165,5
487,1163,5
488,1161,5
489,1159,5
490,1157,5
491,1155,5
492,1153,5
493,1151,5
494,1149,5
495,1147,5
496,1146,5
497,1144,5
498,1142,5
499,1140,5
500,1138,5
501,1136,5
502,1134,5
503,1132,5
505,1128,5
506,1126,5
507,1124,5
508,1122,5
509,1120,5
510,1118,5
511,1116,5
512,1114,5
513,1112,5
514,1110,5
515,1108,5
516,1106,5
517,1104,5
518,1102,5
519,1100,5
520,1098,5
521,1096,5
522,1094,5
523,1092,5
524,1090,5
526,1085,5
527,1083,5
528,1081,5
529,1079,5
530,1077,5
531,1074,5
532,1072,5
533,1070,5
534,1067,5
535,1065,5
536,1063,5
537,1060,5
538,1057,5
539,1054,5
540,1051,5
541,1048,5
542,1045,5
543,1042,5
544,1039,5
545,1036,5
547,1029,5
548,1025,5
549,1022,5
550,1020,5
551,1017,5
552,1015,5
553,1013,5
554,1010,5
555,1007,5
556,1004,5
557,1001,5
558,998,5
559,995,5
560,992,5
561,989,5
562,986,5
563,983,5
564,980,5
565,977,5
566,974,5
568,967,5
569,963,5
570,960,5
571,957,5
572,954,5
573,951,5
574,948,5
575,944,5
576,941,5
577,938,5
578,934,5
579,931,5
580,927,5
581,923,5
582,919,5
583,915,5
584,911,5
585,907,5
586,903,5
587,899,5
589,891,5
590,887,5
591,882,5
592,878,5
593,874,5
594,870,5
595,865,5
596,861,5
597,856,5
598,852,5
599,848,5
600,843,5
601,839,5
602,835,5
603,830,5
604,825,5
605,820,5
606,814,5
607,808,5
608,803,5
610,791,5
611,785,5
612,779,5
613,772,5
614,765,5
615,759,5
616,751,5
617,744,5
618,736,5
619,729,5
620,721,5
621,709,5
622,697,5
623,685,5
624,676,5
625,667,5
626,656,5
627,647,5
628,635,5
629,620,5
631,603,5
632,591,5
633,578,5
634,565,5
635,553,5
636,540,5
637,526,5
638,501,5
639,480,5
640,468,5
641,458,5
642,442,5
643,426,5
644,411,5
645,396,5
646,387,5
647,378,5
648,366,5
649,351,5
650,298,5
0,1343,0
21,1343,0
42,1340,0
63,1331,0
84,1314,0
105,1293,0
126,1270,0
147,1245,0
168,1211,0
189,1170,0
210,1128,0
231,1083,0
252,1036,0
273,982,0
294,928,0
315,872,0
336,815,0
357,760,0
378,704,0
399,650,0
420,597,0
441,543,0
462,491,0
483,440,0
504,388,0
525,334,0
546,274,0
567,218,0
588,165,0
609,112,0
630,44,0
651,6,0
0,1343,1
21,1343,1
42,1343,1
63,1343,1
84,1343,1
105,1343,1
126,1342,1
147,1340,1
168,1336,1
189,1329,1
210,1322,1
231,1315,1
252,1305,1
273,1295,1
294,1280,1
315,1264,1
336,1245,1
357,1224,1
378,1203,1
399,1182,1
420,1159,1
441,1127,1
462,1091,1
483,1049,1
504,1006,1
525,952,1
546,883,1
567,780,1
588,687,1
609,565,1
630,272,1
651,62,1
0,1343,2
21,1343,2
42,1343,2
63,1343,2
84,1343,2
105,1343,2
126,1343,2
147,1342,2
168,1340,2
189,1338,2
210,1334,2
231,1329,2
252,1323,2
273,1316,2
294,1307,2
315,1297,2
336,1284,2
357,1267,2
378,1246,2
399,1225,2
420,1204,2
441,1180,2
462,1149,2
483,1110,2
504,1067,2
525,1011,2
546,946,2
567,861,2
588,770,2
609,653,2
630,398,2
651,121,2
0,1343,3
21,1343,3
42,1343,3
63,1343,3
84,1343,3
105,1343,3
126,1343,3
147,1343,3
168,1342,3
189,1340,3
210,1338,3
231,1334,3
252,1329,3
273,1323,3
294,1316,3
315,1307,3
336,1296,3
357,1283,3
378,1264,3
399,1243,3
420,1222,3
441,1199,3
462,1168,3
483,1130,3
504,1088,3
525,1038,3
546,981,3
567,902,3
588,820,3
609,704,3
630,480,3
651,176,3
0,1343,4
21,1343,4
42,1343,4
63,1343,4
84,1343,4
105,1343,4
126,1343,4
147,1343,4
168,1342,4
189,1341,4
210,1340,4
231,1338,4
252,1334,4
273,1329,4
294,1323,4
315,1316,4
336,1306,4
357,1295,4
378,1280,4
399,1259,4
420,1238,4
441,1217,4
462,1193,4
483,1158,4
504,1116,4
525,1070,4
546,1013,4
567,941,4
588,864,4
609,755,4
630,551,4
651,234,4
0,1343,5
21,1343,5
42,1343,5
63,1343,5
84,1343,5
105,1343,5
126,1343,5
147,1343,5
168,1343,5
189,1342,5
210,1341,5
231,1340,5
252,1337,5
273,1333,5
294,1327,5
315,1320,5
336,1311,5
357,1301,5
378,1287,5
399,1267,5
420,1246,5
441,1225,5
462,1204,5
483,1171,5
504,1130,5
525,1087,5
546,1032,5
567,971,5
588,895,5
609,797,5
630,610,5
651,281,5
